resid,resname,domain,structural_score,top_pair_occurrences,comparisons_supported,comparison_count,Z944_ProLIF_contact,mZ944_ProLIF_contact,Z944_MMGBSA_total_kcal_mol,mZ944_MMGBSA_total_kcal_mol,Z944_water_bridge_mean_percent,contact_supported,energy_supported,water_supported,direct_evidence_layers,mechanistic_role
921,THR,DII,1.6741913892720541,2,Z944_vs_Apo;mZ944_vs_Apo,2,0.7055333036641448,0.8801364782673193,-2.293631120799692,-2.3818102875221854,28.48774933333333,True,True,True,3,direct/contact-coupled
1462,LYS,DIII,1.3621756441117754,3,mZ944_vs_Apo;mZ944_vs_Z944,2,0.5406838747960243,0.6319537160658656,-1.055146242399719,-3.308170634756875,35.041187,True,True,True,3,direct/contact-coupled
388,ASN,DI,0.24927421725674512,1,Z944_vs_Apo,1,0.4108811748998665,0.4108811748998665,-0.738574497624452,-0.32090576580728897,5.616796,True,True,True,3,direct/contact-coupled
384,PHE,DI,12.787640588053181,22,Z944_vs_Apo;mZ944_vs_Apo,2,0.23917074618009196,0.0844088414181872,-0.920426993714332,-0.5993716062351104,0.176674,True,True,False,2,direct/contact-coupled
920,LEU,DII,2.3374727646791174,2,Z944_vs_Apo;mZ944_vs_Apo,2,0.7171413736834298,0.7290461355881916,-2.2050148795343762,-1.3862266866214512,3.895324333333333,True,True,False,2,direct/contact-coupled
917,PHE,DII,1.8401571236682248,2,Z944_vs_Apo;mZ944_vs_Apo,2,0.5598205014092864,0.7304554220442071,-1.1280613103165524,-0.6781064222428861,0.0,True,True,False,2,direct/contact-coupled
1820,VAL,DIV,1.4103809554427758,3,mZ944_vs_Z944,1,0.06746031746031746,0.15873015873015875,-0.2468511180128106,-0.6231092787962101,0.0,True,True,False,2,direct/contact-coupled
387,ILE,DI,0.47194769273847725,2,Z944_vs_Apo,1,0.2728452751817238,0.22522622756267616,-1.5279988774763715,-0.788792395119028,2.335142333333333,True,True,False,2,direct/contact-coupled
956,PHE,DII,0.35419752010179206,1,mZ944_vs_Z944,1,0.9642857142857143,0.9206349206349206,-3.6554606863945716,-3.1316330048922274,0.4623656666666667,True,True,False,2,direct/contact-coupled
1816,GLN,DIV,2.9333624011989645,4,mZ944_vs_Apo;mZ944_vs_Z944,2,0.059523809523809514,0.03571428571428571,0.052050899975078835,-0.016742763442906067,11.250872333333334,False,False,True,1,direct/contact-coupled
872,LEU,DII,0.5578761137566625,1,Z944_vs_Apo,1,0.14823468328141226,0.0807743658210948,-0.3729805326516196,-0.09711397415524886,0.0,True,False,False,1,direct/contact-coupled
1781,TRP,DIV,7.0274151091328045,8,Z944_vs_Apo;mZ944_vs_Apo;mZ944_vs_Z944,3,0.0,0.0,-4.114669446386672e-05,0.011334824493470895,0.0,False,False,False,0,structural-network
925,TRP,DII,3.534836173786087,5,Z944_vs_Apo;mZ944_vs_Apo;mZ944_vs_Z944,3,0.0,0.0,0.013205822795438533,0.0200380046644534,0.0,False,False,False,0,structural-network
1465,TRP,DIII,2.5070197843258066,5,Z944_vs_Apo;mZ944_vs_Apo;mZ944_vs_Z944,3,0.0,0.0,-0.03430501174152393,-0.0179776895860855,0.0,False,False,False,0,structural-network
354,GLU,DI,2.3056464264533796,5,Z944_vs_Apo;mZ944_vs_Apo;mZ944_vs_Z944,3,0.0,0.0,0.07984971805157708,0.1517477782214159,0.0,False,False,False,0,structural-network
918,GLN,DII,1.1277656307187107,3,Z944_vs_Apo;mZ944_vs_Apo;mZ944_vs_Z944,3,0.0,0.0,0.011797118168232867,0.03376241426097156,0.0,False,False,False,0,structural-network
1463,ASP,DIII,6.558082763558027,5,mZ944_vs_Apo;mZ944_vs_Z944,2,0.0,0.0,0.09076083324177726,0.22901840208087088,0.0,False,False,False,0,structural-network
926,ASN,DII,6.240828156844558,8,Z944_vs_Apo;mZ944_vs_Z944,2,0.0,0.0,-0.0008748314249447,-0.0006975639799162333,0.0,False,False,False,0,structural-network
357,VAL,DI,5.2371225284941145,8,Z944_vs_Apo;mZ944_vs_Apo,2,0.0,0.0,0.00017713926635329954,-0.0003123528513280667,0.0,False,False,False,0,structural-network
1461,SER,DIII,3.589430939772225,5,mZ944_vs_Apo;mZ944_vs_Z944,2,0.0,0.0,0.053120973604124856,0.10388791047322493,0.0,False,False,False,0,structural-network
356,TRP,DI,2.839805761909118,5,Z944_vs_Apo;mZ944_vs_Apo,2,0.0,0.0,0.002361128722652667,0.009212490587576434,0.0,False,False,False,0,structural-network
1782,ASN,DIV,1.9291518429626628,5,mZ944_vs_Apo;mZ944_vs_Z944,2,0.0,0.0,1.5237809404375309e-05,-3.328313374103195e-05,0.0,False,False,False,0,structural-network
355,GLY,DI,1.5061835243119606,4,Z944_vs_Apo;mZ944_vs_Apo,2,0.0,0.0,-0.000154808129475759,0.0018296250840753334,0.0,False,False,False,0,structural-network
1460,ALA,DIII,1.0953033499203597,3,mZ944_vs_Apo;mZ944_vs_Z944,2,0.0,0.0,0.022079250150286434,0.04729288559227016,0.0,False,False,False,0,structural-network
916,VAL,DII,0.9999782063518863,2,Z944_vs_Apo;mZ944_vs_Apo,2,0.0,0.0,0.0011457823856599002,0.012869185667927002,0.0,False,False,False,0,structural-network
1780,ASN,DIV,0.7598819755385192,2,mZ944_vs_Apo;mZ944_vs_Z944,2,0.0,0.0,0.0006891110652590334,0.002898177987031655,0.0,False,False,False,0,structural-network
353,LEU,DI,0.7402864388618705,3,Z944_vs_Apo;mZ944_vs_Apo,2,0.011904761904761904,0.027777777777777776,-0.013952047241210833,-0.37728293276380875,0.0,False,False,False,0,structural-network
1466,VAL,DIII,0.5848276856966825,2,Z944_vs_Apo;mZ944_vs_Apo,2,0.0,0.0,-0.0015806393927457,0.002544245849377933,0.0,False,False,False,0,structural-network
919,ILE,DII,0.5702392097230239,2,Z944_vs_Apo;mZ944_vs_Apo,2,0.0,0.0,0.01688540495975553,0.030922326134783268,0.0,False,False,False,0,structural-network
1464,GLY,DIII,3.0848333098938197,4,mZ944_vs_Z944,1,0.0,0.0,0.001503866261854328,0.011379229695291766,0.0,False,False,False,0,structural-network
1776,SER,DIV,2.1578545838758285,4,mZ944_vs_Z944,1,0.0,0.0,0.025100717979225296,0.0012323042416866662,0.0,False,False,False,0,structural-network
1778,GLY,DIV,1.9674267509820118,3,mZ944_vs_Z944,1,0.0,0.0,0.02950945199373667,0.03415189744634126,0.022431666666666666,False,False,False,0,structural-network
1777,THR,DIV,1.4751132516257766,3,mZ944_vs_Z944,1,0.007936507936507936,0.0,0.0570680766320898,-0.13298687932714695,1.8169583333333332,False,False,False,0,structural-network
1459,LEU,DIII,1.2390741935965262,3,mZ944_vs_Z944,1,0.0,0.0,0.015188574947902433,0.027699680759175,0.0,False,False,False,0,structural-network
924,ASP,DII,0.7298486660115521,1,mZ944_vs_Apo,1,0.0,0.0,0.0109935734696045,0.023471516465376933,0.0,False,False,False,0,structural-network
876,ILE,DII,0.7138458705176872,1,Z944_vs_Apo,1,0.027777777777777776,0.011904761904761904,-0.22153333672761158,-0.034890970861905235,0.0,False,False,False,0,structural-network
351,ILE,DI,0.6699917414592611,2,Z944_vs_Apo,1,0.0,0.007936507936507936,0.06058810903851697,0.04474044327490697,1.1777596666666665,False,False,False,0,structural-network
875,PHE,DII,0.499483848208809,1,Z944_vs_Apo,1,0.03571428571428571,0.0,-0.12626552038308872,-0.011232639292703699,0.0,False,False,False,0,structural-network
923,GLU,DII,0.42444314725484616,1,mZ944_vs_Apo,1,0.0,0.0,0.12266210314855024,0.21475094812023934,0.0,False,False,False,0,structural-network
950,PHE,DII,0.2183702984258742,1,Z944_vs_Apo,1,0.0,0.0,0.011594225171076432,0.0154624502581883,0.0,False,False,False,0,structural-network
948,MET,DII,0.16688721909764495,1,Z944_vs_Apo,1,0.0,0.0,-1.7196040127466738e-05,-0.02201955595691413,0.0,False,False,False,0,structural-network
960,VAL,DII,0.15911368736670778,1,Z944_vs_Apo,1,0.0,0.0,-0.0326459774673501,-0.04513143119752853,0.0,False,False,False,0,structural-network
955,LEU,DII,0.1535729154434256,1,Z944_vs_Apo,1,0.015873015873015872,0.0,-0.10985572172633001,0.01710844969902563,0.0,False,False,False,0,structural-network
