rank,comparison,feature,run1_difference_A,run2_difference_A,run3_difference_A,mean_difference_A,sd_difference_A,sign_consistent,run1_standardized_effect,run2_standardized_effect,run3_standardized_effect,mean_standardized_effect,minimum_absolute_standardized_effect
1,Z944_vs_Apo,ca_dist_384_920_A,-1.5732846498330524,-1.1208631882740612,-1.1660829273404332,-1.2867435884825156,0.24917973649602163,True,-3.102577341928651,-1.815555552988321,-1.7687370538538436,-2.228956649590272,1.7687370538538436
2,Z944_vs_Apo,ca_dist_356_1781_A,0.6752182803576492,1.1608718945772,0.8213212065979452,0.8858037938442648,0.24916532923866538,True,1.660616695107381,3.094455434612162,1.9997519471750653,2.2516080256315365,1.660616695107381
3,Z944_vs_Apo,ca_dist_384_917_A,-1.4669206976334621,-0.7944220492714322,-1.0913758490738452,-1.1175728653262464,0.33701382873345975,True,-2.9551220612384657,-1.4385908895387898,-1.721312696282538,-2.0383418823532646,1.4385908895387898
4,Z944_vs_Apo,ca_dist_384_876_A,-1.1603609221049922,-0.852759577924612,-1.3720464064708011,-1.1283889688334685,0.261115600687487,True,-2.321127789777023,-1.4276917410353744,-2.2107491151970895,-1.9865228820031622,1.4276917410353744
5,Z944_vs_Apo,ca_dist_384_916_A,-1.627345168376113,-0.8399222003547919,-1.3068832839670996,-1.2580502175660015,0.39597630474875284,True,-3.1886169608894206,-1.4173410116398486,-1.9926131073212165,-2.199523693283495,1.4173410116398486
6,Z944_vs_Apo,ca_dist_384_872_A,-0.9921258269430062,-0.7566477860076546,-1.1557352395156144,-0.9681696174887584,0.20061935067542425,True,-2.056684761467667,-1.3665118183906861,-1.9857416519728086,-1.8029794106103871,1.3665118183906861
7,Z944_vs_Apo,ca_dist_384_875_A,-1.0880053581832492,-0.7740297692366873,-1.3942487806895798,-1.0854279693698388,0.3101175385909711,True,-2.0370831939009446,-1.3215100462540434,-2.2243808113429604,-1.8609913504993163,1.3215100462540434
8,Z944_vs_Apo,ca_dist_384_921_A,-1.3955278943015461,-0.6975194485008025,-0.9817699143919931,-1.0249390857314473,0.35100089831493847,True,-2.8763455256039117,-1.2663294517078927,-1.5277726387397774,-1.890149205350527,1.2663294517078927
9,Z944_vs_Apo,ca_dist_354_926_A,-0.5059387999959659,-0.7910232207204881,-0.2670184906763211,-0.5213268371309251,0.26234106244031885,True,-2.2615379350552454,-2.148300419937805,-1.1827351455267032,-1.8641911668399178,1.1827351455267032
10,Z944_vs_Apo,ca_dist_351_356_A,0.47462271913379794,0.343514884018564,0.6545360525157911,0.490891218556051,0.1561474939550232,True,1.3650771247914,1.1550995476273902,2.002951929102308,1.5077095338403659,1.1550995476273902
11,Z944_vs_Apo,ca_dist_384_926_A,-1.1234078378696424,-0.6525393542569908,-1.2010222605909213,-0.9923231509058515,0.2968093175802018,True,-2.2309120686679247,-1.1426264624635536,-2.0873082779862275,-1.820282269705902,1.1426264624635536
12,Z944_vs_Apo,ca_dist_355_387_A,1.0794613131040869,0.4522706437793893,0.4447805365270803,0.6588374978035189,0.3642901603463475,True,2.939471036257943,1.1028825802469113,1.2678785739891372,1.7700773968313304,1.1028825802469113
13,Z944_vs_Apo,ca_dist_351_357_A,0.43766058515819495,0.31618604907824377,0.31934089838545,0.35772917754062955,0.06924060016588415,True,1.0986734602208965,1.1578001087987806,1.1653535607362229,1.1406090432519667,1.0986734602208965
14,Z944_vs_Apo,ca_dist_925_1465_A,-0.31532112492631903,-0.33934481186838106,-0.49366880718030437,-0.38277824799166815,0.09678234070040295,True,-1.2368988231891365,-1.0646895692826008,-2.051436306477552,-1.4510082329830964,1.0646895692826008
15,Z944_vs_Apo,ca_dist_355_388_A,1.331716735707687,0.42935587039873724,0.4044138306700944,0.7218288122588395,0.5283256436261794,True,3.3390022321186055,0.9677041033695156,0.9654348920742634,1.7573804091874614,0.9654348920742634
16,Z944_vs_Apo,ca_dist_384_950_A,-0.9821572459434975,-0.47983301329183803,-1.3844034244504329,-0.9487978945619228,0.4532069526489602,True,-1.7862680623901868,-0.8734811937034967,-2.2705546175433304,-1.6434346245456712,0.8734811937034967
17,Z944_vs_Apo,ca_dist_353_355_A,0.2424382146877262,0.18283379197041238,0.22913406849860518,0.21813535838558126,0.03128738595630529,True,1.3809767047159023,0.8604338588087813,1.257079966397441,1.1661635099740415,0.8604338588087813
18,Z944_vs_Apo,ca_dist_357_1781_A,0.99869017947284,1.7834503833331077,0.3162861867875435,1.0328089165311638,0.7341769276340268,True,2.2366289394777423,5.47695409548678,0.8528532244196704,2.8554787531280645,0.8528532244196704
19,Z944_vs_Apo,ca_dist_353_926_A,-0.3861846860292193,-1.0570285919108127,-0.20143489850353546,-0.5482160588145225,0.4502230184859431,True,-1.6243139372010982,-2.8938513738010077,-0.83986236873186,-1.7860092265779886,0.83986236873186
20,Z944_vs_Apo,ca_dist_384_918_A,-1.62575685779386,-0.4679303737897058,-1.1718019603650482,-1.0884963973162047,0.5833912961225245,True,-3.166329556899069,-0.8273218977867411,-1.7971408901149764,-1.9302641149335953,0.8273218977867411
21,Z944_vs_Apo,ca_dist_384_919_A,-1.7449941222148269,-0.4810718292398981,-1.4183517598375168,-1.2148059037640806,0.6560854192201283,True,-3.2636724931310637,-0.8248630857619355,-2.1496113062220332,-2.0793822950383443,0.8248630857619355
22,Z944_vs_Apo,ca_dist_926_1466_A,-0.2612276598265133,-0.41332354790206693,-0.5593084497979142,-0.41128655250883145,0.14905083478520892,True,-0.8084982002535978,-1.1222195912450519,-1.6540960767500175,-1.194937956082889,0.8084982002535978
23,Z944_vs_Apo,ca_dist_384_948_A,-1.2112005648018922,-0.46791560105051033,-1.6631768459800398,-1.114097670610814,0.6035180941387217,True,-2.1803696543197777,-0.800362986186482,-2.4908216760546464,-1.8238514388536355,0.800362986186482
24,Z944_vs_Apo,ca_dist_384_960_A,-0.6983509241621277,-0.2947880162309602,-0.752404888338603,-0.5818479429105636,0.2500660090651514,True,-1.8149341818061073,-0.7794946902823201,-2.028555363278799,-1.5409947451224089,0.7794946902823201
25,Z944_vs_Apo,ca_dist_387_955_A,-0.5116339956101861,-0.285144128615185,-0.4102963759532212,-0.40235816672619745,0.11345341042539145,True,-1.1461039524371612,-0.7678645772171281,-1.290733877739072,-1.0682341357977871,0.7678645772171281
1,mZ944_vs_Apo,ca_dist_357_1781_A,1.292571107837695,1.9950654317663954,0.8947548284918199,1.39413045603197,0.5571414378987167,True,2.87546699387479,4.4179130729166225,2.3580377774120787,3.2171392814011637,2.3580377774120787
2,mZ944_vs_Apo,ca_dist_1781_1816_A,-1.4276542828767624,-2.4724924886806416,-1.0053492558153359,-1.63516534245758,0.7552634946307681,True,-2.3863725816216856,-5.291251908686586,-2.3404580144993252,-3.339360834935866,2.3404580144993252
3,mZ944_vs_Apo,ca_dist_384_921_A,-0.9792696802239682,-1.6510476246426542,-2.0020976997390747,-1.5441383348685658,0.5197273194246179,True,-2.12431929707784,-3.653377293433125,-2.3948631738047292,-2.7241865881052316,2.12431929707784
4,mZ944_vs_Apo,ca_dist_384_917_A,-0.948108558731029,-1.768727474733641,-2.141787903218333,-1.6195413122276676,0.6106635552219847,True,-2.0191725726785226,-3.7316964246115196,-2.530268912065705,-2.7603793031185826,2.0191725726785226
5,mZ944_vs_Apo,ca_dist_384_1465_A,-1.2309906925859657,-1.7355127823821377,-1.5543836978655676,-1.506962390944557,0.2555821199451297,True,-2.464578698591933,-4.174318618604295,-1.9969174913873593,-2.878604936194529,1.9969174913873593
6,mZ944_vs_Apo,ca_dist_354_1461_A,2.725493955262735,0.6122958540995871,1.0242144402307645,1.4540014165310289,1.1202406828168117,True,8.770142361951452,1.965992266993358,2.7741069601983748,4.5034138630477285,1.965992266993358
7,mZ944_vs_Apo,ca_dist_355_924_A,0.76270946766995,1.0923001129257122,0.6885896834590133,0.8478664213515584,0.21490534610682752,True,2.082453229888549,2.785108472661107,1.9309980649788065,2.2661865891761543,1.9309980649788065
8,mZ944_vs_Apo,ca_dist_384_918_A,-0.9124416259826624,-1.4838209438133347,-2.282578683709559,-1.5596137511685189,0.6882058569019989,True,-1.910134178004671,-3.2632045668527025,-2.746566598814115,-2.639968447890496,1.910134178004671
9,mZ944_vs_Apo,ca_dist_357_1462_A,2.2415868815066915,0.6107660442253184,0.6837684827038295,1.1787071361452799,0.9212042953821952,True,5.84815290218733,1.8912336501298945,2.246896617229966,3.3287610565157304,1.8912336501298945
10,mZ944_vs_Apo,ca_dist_357_1461_A,2.2467526773227817,0.941029265910128,0.746228969708671,1.311336970980527,0.8159281197531302,True,5.377479753701622,2.7511030553158546,1.8905163668037732,3.33969972527375,1.8905163668037732
11,mZ944_vs_Apo,ca_dist_384_920_A,-0.9182190434445054,-1.8262634067675165,-2.2207384509773433,-1.6550736337297884,0.6679211447053128,True,-1.8862829576835023,-3.4734387481826663,-2.5740685412635536,-2.6445967490432407,1.8862829576835023
12,mZ944_vs_Apo,ca_dist_384_1463_A,-2.289358175253568,-0.6907142179160033,-1.6889205115545103,-1.5563309682413606,0.8075274706348817,True,-5.060563358862248,-1.8694954791682994,-2.1965047065444034,-3.04218784819165,1.8694954791682994
13,mZ944_vs_Apo,ca_dist_1816_1463_A,-3.411414293826697,-0.9151432493541485,-1.0035412754717061,-1.776699606217517,1.416394237198547,True,-6.808438430268839,-1.8576752977007016,-2.3230097764374213,-3.663041168135654,1.8576752977007016
14,mZ944_vs_Apo,ca_dist_354_1460_A,2.843233614901875,0.5538634796447539,0.8111668617863543,1.4027546521109944,1.2541076466147931,True,8.353550747612097,1.8530434542801724,2.3784258042382813,4.1950066687101835,1.8530434542801724
15,mZ944_vs_Apo,ca_dist_356_1782_A,1.0581272495023253,1.1667962032981407,0.7676688136457219,0.9975307554820626,0.20634829683898345,True,1.8273706104242322,2.826587429719374,1.9181835852535805,2.1907138751323956,1.8273706104242322
16,mZ944_vs_Apo,ca_dist_356_1781_A,1.1193850763156998,1.1947874200097885,0.8614005184745412,1.0585243382666765,0.1748277112065534,True,2.384837603829727,2.581424890406802,1.8122901082996243,2.259517534178718,1.8122901082996243
17,mZ944_vs_Apo,ca_dist_357_1780_A,0.8585789907304218,2.836849648820648,0.5980877113850571,1.4311721169787088,1.2243001753237153,True,1.8840304180079246,6.388370531206979,1.8087772679031382,3.3603927390393475,1.8087772679031382
18,mZ944_vs_Apo,ca_dist_923_1816_A,-0.9486448578958431,-1.1245573400895168,-0.9551930144816367,-1.0094650708223323,0.09972658834268126,True,-1.8007597659123724,-2.2699163080683777,-2.2650769994023645,-2.111917691127705,1.8007597659123724
19,mZ944_vs_Apo,ca_dist_384_1466_A,-1.1192540188458366,-1.6454366954623012,-1.4705855606556888,-1.4117587583212756,0.267978537941914,True,-2.472272573462279,-3.664848041236071,-1.7978509288430253,-2.644990514513792,1.7978509288430253
20,mZ944_vs_Apo,ca_dist_384_919_A,-0.8743156608464631,-1.6580802172839348,-2.411765116997195,-1.648053665042531,0.7687737680013104,True,-1.7452033271852558,-3.3921533311673526,-2.8628560527678153,-2.6667375703734746,1.7452033271852558
21,mZ944_vs_Apo,ca_dist_356_925_A,0.5850196326279296,0.640350719835661,0.7616458005860665,0.6623387176832191,0.09034270772398931,True,1.763940853716177,1.7203002747612168,1.9835289971510501,1.822590041876148,1.7203002747612168
22,mZ944_vs_Apo,ca_dist_384_916_A,-0.8305845724432395,-1.7554083080151948,-2.243801702744637,-1.609931527734357,0.7177522445419372,True,-1.717273950788239,-3.5112084371978254,-2.603321060595151,-2.610601149527072,1.717273950788239
23,mZ944_vs_Apo,ca_dist_357_1782_A,0.9744500090963122,1.878272975944503,0.6799825074909371,1.177568497510584,0.6244340252968609,True,1.714889872385365,4.315077737349674,1.9939820765720708,2.6746498954357034,1.714889872385365
24,mZ944_vs_Apo,ca_dist_357_1460_A,2.1141144309656994,0.9422130584716797,0.5964890237969627,1.2176055044114473,0.7954102517453081,True,5.229106175100053,2.885798260403016,1.708915717836997,3.274606717780022,1.708915717836997
25,mZ944_vs_Apo,ca_dist_353_1461_A,1.281919118486032,0.516489046720725,0.857354354731326,0.8852541733126943,0.3834769857479268,True,3.806424351181193,1.694614667201854,2.176061249803486,2.5590334227288443,1.694614667201854
1,mZ944_vs_Z944,ca_dist_926_1463_A,0.7681276440858671,0.6491499010679487,1.1798138920264911,0.8656971457267689,0.2784617093297613,True,3.37060460898576,2.9286994722517066,4.223060732425113,3.507454937887527,2.9286994722517066
2,mZ944_vs_Z944,ca_dist_925_1463_A,1.1985766380965739,0.6173981527421262,0.8402124623470826,0.8853957510619276,0.29321196282559703,True,5.622983241716202,2.878201621046384,3.7697093170894598,4.0902980599506815,2.878201621046384
3,mZ944_vs_Z944,ca_dist_926_1461_A,0.9554627334015287,0.651069253544108,1.697424528362113,1.1013188384359165,0.5382103146695699,True,3.4176632383157397,2.1998172934248448,5.2793485826164215,3.632276371452335,2.1998172934248448
4,mZ944_vs_Z944,ca_dist_1778_1464_A,-0.9393735373520524,-1.5595482127973028,-2.2441647019408517,-1.5810288173634024,0.6526607526706678,True,-2.137278865390819,-2.3331775317251706,-6.340020816973585,-3.6034924046965244,2.137278865390819
5,mZ944_vs_Z944,ca_dist_1777_1464_A,-0.9451528532674978,-1.1759721011340325,-1.8978230071655506,-1.3396493205223603,0.49697865109283723,True,-2.022652528235345,-1.9707591358389367,-5.3764643369909,-3.123292000355061,1.9707591358389367
6,mZ944_vs_Z944,ca_dist_1776_1464_A,-0.9322769354376135,-1.3737520761763076,-1.7592491261725591,-1.3550927125954935,0.41380173990592356,True,-1.9121845610344275,-2.1349477782044786,-5.142137209558154,-3.06308984959902,1.9121845610344275
7,mZ944_vs_Z944,ca_dist_926_1459_A,0.6501323374647221,0.6257934773627483,0.6950134821211336,0.6569797656495346,0.03511435204083004,True,1.817705116741993,2.114633108734178,1.9870653669036413,1.9731345307932708,1.817705116741993
8,mZ944_vs_Z944,ca_dist_1778_1465_A,-0.6822172847292887,-1.6434343841217256,-1.0349075036554005,-1.1201863908354717,0.48624987865305014,True,-1.765421285399742,-3.4572047246949285,-2.5480321238748114,-2.5902193779898273,1.765421285399742
9,mZ944_vs_Z944,ca_dist_925_1461_A,1.6118387607317786,0.478290390126471,1.3151830982002402,1.1351040830194965,0.5878386818735535,True,5.814649826876802,1.739988451341561,4.972052918248994,4.175563732155786,1.739988451341561
10,mZ944_vs_Z944,ca_dist_1820_1463_A,-0.7348703210310958,-1.1825561650509364,-2.4769522624362104,-1.4647929161727475,0.9046853377861828,True,-1.7053661324022393,-1.9444113327866914,-4.733961672737727,-2.794579712642219,1.7053661324022393
11,mZ944_vs_Z944,ca_dist_1776_1782_A,-0.9264158436967715,-0.8724316521377098,-0.8961646113691124,-0.8983373690678645,0.027057603212119207,True,-1.7037199750185117,-1.960419879738185,-2.5858490621151096,-2.083329638957269,1.7037199750185117
12,mZ944_vs_Z944,ca_dist_1820_1462_A,-0.8883944110501876,-0.9216970256929962,-1.5718241729075562,-1.1273052032169133,0.38532467069555104,True,-1.9178152419300674,-1.608479416590594,-3.026084295324013,-2.1841263179482246,1.608479416590594
13,mZ944_vs_Z944,ca_dist_1776_1781_A,-0.7281183221195633,-1.6279072520099112,-0.8925268654820133,-1.0828508132038293,0.47913717596907124,True,-1.5885712673624812,-4.501755451755384,-2.85272245447363,-2.981016391197165,1.5885712673624812
14,mZ944_vs_Z944,ca_dist_1776_1465_A,-0.7644457966387055,-1.7578616329703962,-0.9364675919585537,-1.1529250071892185,0.5309040548205518,True,-1.5824487136336254,-3.3756557523800925,-2.4989371785738483,-2.4856805481958553,1.5824487136336254
15,mZ944_vs_Z944,ca_dist_1781_1820_A,-0.8854071892237023,-0.8376907269848246,-1.1223974742546297,-0.9484984634877188,0.15247906299368177,True,-1.5754088697805375,-1.6520047661064547,-2.4267617188223953,-1.8847251182364626,1.5754088697805375
16,mZ944_vs_Z944,ca_dist_956_1464_A,-0.7948075509881427,-0.6869106801012066,-0.967539912458264,-0.8164193811825378,0.14155739089355718,True,-2.0053624405099435,-1.4167900804071683,-2.318379257901327,-1.9135105929394796,1.4167900804071683
17,mZ944_vs_Z944,ca_dist_1781_1816_A,-0.8898761731477514,-1.4871365650743744,-1.3135562346507363,-1.2301896576242874,0.307233597715022,True,-1.396657067100257,-2.8947825771506226,-3.01568604773,-2.4357085639936265,1.396657067100257
18,mZ944_vs_Z944,ca_dist_354_1780_A,1.1050074835922779,0.7079591125269715,0.4855321230370535,0.7661662397187676,0.3138128149481753,True,2.9838928785763734,1.3626897331283776,1.5904549142621256,1.9790125086556254,1.3626897331283776
19,mZ944_vs_Z944,ca_dist_1777_1782_A,-0.4885769335132384,-0.8658876952769194,-1.00874836837189,-0.7877376657206826,0.2687473734763889,True,-1.3575354251752907,-2.6241894001295125,-2.928625542104763,-2.3034501224698554,1.3575354251752907
20,mZ944_vs_Z944,ca_dist_354_1459_A,0.817654409541996,0.3650257598551665,0.8788223838424933,0.6871675177465519,0.28065435040814984,True,2.268454323413406,1.3074408005315865,2.7854453478233836,2.120446823922792,1.3074408005315865
21,mZ944_vs_Z944,ca_dist_1777_1465_A,-0.5914725755390364,-1.7145486796084928,-0.8373148007681941,-1.047778685305241,0.5903780728514353,True,-1.293766457441516,-3.7695446285111305,-1.9538983576601057,-2.339069814537584,1.293766457441516
22,mZ944_vs_Z944,ca_dist_1778_1782_A,-0.46785590967919255,-1.2398519204665153,-1.4411166357565204,-1.0496081553007428,0.5137641753465096,True,-1.288066202131978,-3.5449733372847634,-3.352373054265968,-2.728470864560903,1.288066202131978
23,mZ944_vs_Z944,ca_dist_918_1462_A,0.5072050628306304,0.48297770638056114,0.6205581529072166,0.536913640706136,0.07344415916978841,True,1.334951625470112,1.2825799910951567,1.937022233025174,1.5181846165301476,1.2825799910951567
24,mZ944_vs_Z944,ca_dist_925_1459_A,1.000239391949556,0.5080423196262718,0.4245302516726319,0.6442706544161533,0.31109302941293426,True,2.863776353601044,1.7465305788109842,1.2722335523382338,1.9608468282500873,1.2722335523382338
25,mZ944_vs_Z944,ca_dist_926_1460_A,0.8811683705613902,0.41538750116702516,1.437485399443176,0.9113470903905304,0.511716811100657,True,2.6757452163994913,1.2561284741743115,4.197862528935378,2.709912073169727,1.2561284741743115
