system,replica,feature,descriptor,frames,spearman_rho
Z944,1,ca_dist_357_1462_A,pocket_distance_A,600,0.007688211941729092
Z944,1,ca_dist_357_1462_A,filter_distance_A,600,0.05267963842375203
Z944,1,ca_dist_1820_1462_A,pocket_distance_A,600,-0.005839034304354545
Z944,1,ca_dist_1820_1462_A,filter_distance_A,600,0.0026607924491016577
Z944,1,ca_dist_355_388_A,pocket_distance_A,600,0.05868720589872725
Z944,1,ca_dist_355_388_A,filter_distance_A,600,0.04527341629942322
Z944,1,ca_dist_354_1459_A,pocket_distance_A,600,0.011300510834999802
Z944,1,ca_dist_354_1459_A,filter_distance_A,600,-0.017728569975653585
Z944,1,ca_dist_357_1780_A,pocket_distance_A,600,0.02583456844488019
Z944,1,ca_dist_357_1780_A,filter_distance_A,600,-0.05855304507742606
Z944,1,ca_dist_384_872_A,pocket_distance_A,600,0.09815271553656345
Z944,1,ca_dist_384_872_A,filter_distance_A,600,-0.10164889381441997
Z944,1,ca_dist_384_1466_A,pocket_distance_A,600,0.12542990356795172
Z944,1,ca_dist_384_1466_A,filter_distance_A,600,-0.14650464114419467
Z944,1,ca_dist_384_1463_A,pocket_distance_A,600,0.18909330536852045
Z944,1,ca_dist_384_1463_A,filter_distance_A,600,-0.14707606096160886
Z944,1,ca_dist_384_950_A,pocket_distance_A,600,-0.04212324747428094
Z944,1,ca_dist_384_950_A,filter_distance_A,600,0.07088514085305586
Z944,1,ca_dist_1776_1782_A,pocket_distance_A,600,0.05109346684102941
Z944,1,ca_dist_1776_1782_A,filter_distance_A,600,0.09037599832355127
Z944,1,ca_dist_356_1782_A,pocket_distance_A,600,0.03140229559974837
Z944,1,ca_dist_356_1782_A,filter_distance_A,600,-0.02366468604009355
Z944,1,ca_dist_1777_1464_A,pocket_distance_A,600,0.0747047444462875
Z944,1,ca_dist_1777_1464_A,filter_distance_A,600,-0.18039016131864805
Z944,1,ca_dist_357_1782_A,pocket_distance_A,600,0.04673480234496571
Z944,1,ca_dist_357_1782_A,filter_distance_A,600,-0.009014577483190142
Z944,1,ca_dist_384_876_A,pocket_distance_A,600,0.09824618830793863
Z944,1,ca_dist_384_876_A,filter_distance_A,600,-0.12266814860122296
Z944,1,ca_dist_384_919_A,pocket_distance_A,600,0.16305176348544806
Z944,1,ca_dist_384_919_A,filter_distance_A,600,-0.24206311248779017
Z944,1,ca_dist_356_1781_A,pocket_distance_A,600,0.03273477565029728
Z944,1,ca_dist_356_1781_A,filter_distance_A,600,0.0394947733254952
Z944,1,ca_dist_357_1460_A,pocket_distance_A,600,0.04449856698485002
Z944,1,ca_dist_357_1460_A,filter_distance_A,600,0.03499663741214561
Z944,1,ca_dist_384_948_A,pocket_distance_A,600,-0.05573557744678482
Z944,1,ca_dist_384_948_A,filter_distance_A,600,0.044149132322464306
Z944,1,ca_dist_387_955_A,pocket_distance_A,600,0.047067720967530875
Z944,1,ca_dist_387_955_A,filter_distance_A,600,0.0011209506252458379
Z944,1,ca_dist_1781_1816_A,pocket_distance_A,600,-0.029197643758519343
Z944,1,ca_dist_1781_1816_A,filter_distance_A,600,0.20637530459793807
Z944,1,ca_dist_353_1461_A,pocket_distance_A,600,-0.06783084295097212
Z944,1,ca_dist_353_1461_A,filter_distance_A,600,0.05705173124378721
Z944,1,ca_dist_351_357_A,pocket_distance_A,600,-0.185164282285491
Z944,1,ca_dist_351_357_A,filter_distance_A,600,0.25836173013439573
Z944,1,ca_dist_354_1460_A,pocket_distance_A,600,-0.010216282384822606
Z944,1,ca_dist_354_1460_A,filter_distance_A,600,0.014867012737153271
Z944,1,ca_dist_384_1465_A,pocket_distance_A,600,0.14531485372546263
Z944,1,ca_dist_384_1465_A,filter_distance_A,600,-0.14721011725633645
Z944,1,ca_dist_1778_1464_A,pocket_distance_A,600,0.07731906536099095
Z944,1,ca_dist_1778_1464_A,filter_distance_A,600,-0.17644455622967187
Z944,1,ca_dist_926_1463_A,pocket_distance_A,600,0.1107697341060525
Z944,1,ca_dist_926_1463_A,filter_distance_A,600,-0.13006838384977001
Z944,1,ca_dist_1781_1820_A,pocket_distance_A,600,0.04649812104471162
Z944,1,ca_dist_1781_1820_A,filter_distance_A,600,0.09197995288952483
Z944,1,ca_dist_925_1463_A,pocket_distance_A,600,-0.13034423980558732
Z944,1,ca_dist_925_1463_A,filter_distance_A,600,0.1426452329561218
Z944,1,ca_dist_384_920_A,pocket_distance_A,600,0.14085257750956845
Z944,1,ca_dist_384_920_A,filter_distance_A,600,-0.26039124132490254
Z944,1,ca_dist_926_1466_A,pocket_distance_A,600,0.15520530072077504
Z944,1,ca_dist_926_1466_A,filter_distance_A,600,-0.1942297376285859
Z944,1,ca_dist_918_1462_A,pocket_distance_A,600,-0.043061141873303926
Z944,1,ca_dist_918_1462_A,filter_distance_A,600,0.014131272362763004
Z944,1,ca_dist_1778_1782_A,pocket_distance_A,600,0.09027800260592053
Z944,1,ca_dist_1778_1782_A,filter_distance_A,600,0.016941537858265215
Z944,1,ca_dist_354_926_A,pocket_distance_A,600,0.036688104431678394
Z944,1,ca_dist_354_926_A,filter_distance_A,600,0.03667042441900523
Z944,1,ca_dist_357_1461_A,pocket_distance_A,600,0.006470621348264789
Z944,1,ca_dist_357_1461_A,filter_distance_A,600,0.07241431595142984
Z944,1,ca_dist_384_916_A,pocket_distance_A,600,0.13193252510421777
Z944,1,ca_dist_384_916_A,filter_distance_A,600,-0.22077446732670872
Z944,1,ca_dist_1777_1465_A,pocket_distance_A,600,0.05027504536613266
Z944,1,ca_dist_1777_1465_A,filter_distance_A,600,-0.18153611208174195
Z944,1,ca_dist_925_1465_A,pocket_distance_A,600,0.08125192179987473
Z944,1,ca_dist_925_1465_A,filter_distance_A,600,-0.1367198649697672
Z944,1,ca_dist_384_875_A,pocket_distance_A,600,0.0197523940975258
Z944,1,ca_dist_384_875_A,filter_distance_A,600,-0.01196851060375574
Z944,1,ca_dist_384_921_A,pocket_distance_A,600,0.12410678468351083
Z944,1,ca_dist_384_921_A,filter_distance_A,600,-0.2756194641805772
Z944,1,ca_dist_1816_1463_A,pocket_distance_A,600,-0.11084701233784025
Z944,1,ca_dist_1816_1463_A,filter_distance_A,600,0.20552496657593222
Z944,1,ca_dist_355_387_A,pocket_distance_A,600,0.08290290372162366
Z944,1,ca_dist_355_387_A,filter_distance_A,600,0.04192678673535601
Z944,1,ca_dist_356_925_A,pocket_distance_A,600,-0.16026535822641494
Z944,1,ca_dist_356_925_A,filter_distance_A,600,0.2992815668730931
Z944,1,ca_dist_354_1461_A,pocket_distance_A,600,-0.046588245928390504
Z944,1,ca_dist_354_1461_A,filter_distance_A,600,0.06557861159342328
Z944,1,ca_dist_384_926_A,pocket_distance_A,600,0.1184593626159902
Z944,1,ca_dist_384_926_A,filter_distance_A,600,-0.11199522864077713
Z944,1,ca_dist_354_1780_A,pocket_distance_A,600,-0.03285233189649635
Z944,1,ca_dist_354_1780_A,filter_distance_A,600,0.09039602621176066
Z944,1,ca_dist_355_924_A,pocket_distance_A,600,-0.12183474355748053
Z944,1,ca_dist_355_924_A,filter_distance_A,600,0.23240158699295374
Z944,1,ca_dist_1776_1781_A,pocket_distance_A,600,0.06104196973297607
Z944,1,ca_dist_1776_1781_A,filter_distance_A,600,0.06827684869343516
Z944,1,ca_dist_384_960_A,pocket_distance_A,600,0.10022292214348164
Z944,1,ca_dist_384_960_A,filter_distance_A,600,-0.07510710857697703
Z944,1,ca_dist_925_1459_A,pocket_distance_A,600,0.00440049807516952
Z944,1,ca_dist_925_1459_A,filter_distance_A,600,-0.04864954602615116
Z944,1,ca_dist_956_1464_A,pocket_distance_A,600,0.11962084166190738
Z944,1,ca_dist_956_1464_A,filter_distance_A,600,0.04849562851079983
Z944,1,ca_dist_384_918_A,pocket_distance_A,600,0.17638675849527438
Z944,1,ca_dist_384_918_A,filter_distance_A,600,-0.28279544819262703
Z944,1,ca_dist_926_1460_A,pocket_distance_A,600,0.1323193051543302
Z944,1,ca_dist_926_1460_A,filter_distance_A,600,-0.18154025099345236
Z944,1,ca_dist_1778_1465_A,pocket_distance_A,600,0.06196168433021336
Z944,1,ca_dist_1778_1465_A,filter_distance_A,600,-0.18928715744915503
Z944,1,ca_dist_353_355_A,pocket_distance_A,600,-0.07248634252427666
Z944,1,ca_dist_353_355_A,filter_distance_A,600,0.12836465223335458
Z944,1,ca_dist_925_1461_A,pocket_distance_A,600,-0.1325213341190291
Z944,1,ca_dist_925_1461_A,filter_distance_A,600,0.13199972783232672
Z944,1,ca_dist_1777_1782_A,pocket_distance_A,600,0.10318135619096251
Z944,1,ca_dist_1777_1782_A,filter_distance_A,600,0.0017001760412548137
Z944,1,ca_dist_1820_1463_A,pocket_distance_A,600,0.04451448374502773
Z944,1,ca_dist_1820_1463_A,filter_distance_A,600,-0.001849815755241019
Z944,1,ca_dist_351_356_A,pocket_distance_A,600,-0.18327013226846167
Z944,1,ca_dist_351_356_A,filter_distance_A,600,0.23263822718665123
Z944,1,ca_dist_353_926_A,pocket_distance_A,600,0.202677912955933
Z944,1,ca_dist_353_926_A,filter_distance_A,600,-0.19633538812780557
Z944,1,ca_dist_357_1781_A,pocket_distance_A,600,0.05645733168709445
Z944,1,ca_dist_357_1781_A,filter_distance_A,600,0.05348718381147761
Z944,1,ca_dist_923_1816_A,pocket_distance_A,600,-0.16267331681762764
Z944,1,ca_dist_923_1816_A,filter_distance_A,600,0.2351312131549304
Z944,1,ca_dist_384_917_A,pocket_distance_A,600,0.14266156035957359
Z944,1,ca_dist_384_917_A,filter_distance_A,600,-0.2736248420713339
Z944,1,ca_dist_1776_1465_A,pocket_distance_A,600,0.007261431549834073
Z944,1,ca_dist_1776_1465_A,filter_distance_A,600,-0.08000483002693169
Z944,1,ca_dist_926_1459_A,pocket_distance_A,600,0.09704515347407544
Z944,1,ca_dist_926_1459_A,filter_distance_A,600,-0.13647716918712427
Z944,1,ca_dist_926_1461_A,pocket_distance_A,600,0.07829201660891441
Z944,1,ca_dist_926_1461_A,filter_distance_A,600,-0.10212159228362461
Z944,1,ca_dist_1776_1464_A,pocket_distance_A,600,0.03357889172059436
Z944,1,ca_dist_1776_1464_A,filter_distance_A,600,-0.08038683213325029
Z944,2,ca_dist_357_1462_A,pocket_distance_A,600,0.010506377727069263
Z944,2,ca_dist_357_1462_A,filter_distance_A,600,-0.04626571190841556
Z944,2,ca_dist_1820_1462_A,pocket_distance_A,600,0.34381748172429055
Z944,2,ca_dist_1820_1462_A,filter_distance_A,600,-0.35772602711391005
Z944,2,ca_dist_355_388_A,pocket_distance_A,600,0.27901586182571064
Z944,2,ca_dist_355_388_A,filter_distance_A,600,-0.26094622329289496
Z944,2,ca_dist_354_1459_A,pocket_distance_A,600,-0.04470852225560134
Z944,2,ca_dist_354_1459_A,filter_distance_A,600,0.048350198971841216
Z944,2,ca_dist_357_1780_A,pocket_distance_A,600,-0.17356763825150137
Z944,2,ca_dist_357_1780_A,filter_distance_A,600,0.17898386082523102
Z944,2,ca_dist_384_872_A,pocket_distance_A,600,-0.28422823845245937
Z944,2,ca_dist_384_872_A,filter_distance_A,600,0.30218794057462256
Z944,2,ca_dist_384_1466_A,pocket_distance_A,600,-0.2714743565084578
Z944,2,ca_dist_384_1466_A,filter_distance_A,600,0.31110848557802995
Z944,2,ca_dist_384_1463_A,pocket_distance_A,600,-0.06471628672681741
Z944,2,ca_dist_384_1463_A,filter_distance_A,600,0.08906912226218897
Z944,2,ca_dist_384_950_A,pocket_distance_A,600,-0.24363070880110319
Z944,2,ca_dist_384_950_A,filter_distance_A,600,0.2568690394462631
Z944,2,ca_dist_1776_1782_A,pocket_distance_A,600,-0.28534687454422497
Z944,2,ca_dist_1776_1782_A,filter_distance_A,600,0.3338979061457672
Z944,2,ca_dist_356_1782_A,pocket_distance_A,600,-0.22225503073830466
Z944,2,ca_dist_356_1782_A,filter_distance_A,600,0.21745604150631062
Z944,2,ca_dist_1777_1464_A,pocket_distance_A,600,-0.033985549931520684
Z944,2,ca_dist_1777_1464_A,filter_distance_A,600,0.09002391336603036
Z944,2,ca_dist_357_1782_A,pocket_distance_A,600,-0.09923280965376352
Z944,2,ca_dist_357_1782_A,filter_distance_A,600,0.10031733896752552
Z944,2,ca_dist_384_876_A,pocket_distance_A,600,-0.32989343927437415
Z944,2,ca_dist_384_876_A,filter_distance_A,600,0.3457115668716765
Z944,2,ca_dist_384_919_A,pocket_distance_A,600,-0.1906232127361781
Z944,2,ca_dist_384_919_A,filter_distance_A,600,0.20738229004586017
Z944,2,ca_dist_356_1781_A,pocket_distance_A,600,-0.16572844367769257
Z944,2,ca_dist_356_1781_A,filter_distance_A,600,0.18708875713370107
Z944,2,ca_dist_357_1460_A,pocket_distance_A,600,-0.012484570851279728
Z944,2,ca_dist_357_1460_A,filter_distance_A,600,0.019482023389309648
Z944,2,ca_dist_384_948_A,pocket_distance_A,600,0.19521716393962998
Z944,2,ca_dist_384_948_A,filter_distance_A,600,-0.1920000007127168
Z944,2,ca_dist_387_955_A,pocket_distance_A,600,-0.3143057807789216
Z944,2,ca_dist_387_955_A,filter_distance_A,600,0.31063032841844507
Z944,2,ca_dist_1781_1816_A,pocket_distance_A,600,0.06005836047957621
Z944,2,ca_dist_1781_1816_A,filter_distance_A,600,-0.06531385072279168
Z944,2,ca_dist_353_1461_A,pocket_distance_A,600,-0.21667502940340422
Z944,2,ca_dist_353_1461_A,filter_distance_A,600,0.25150215580382024
Z944,2,ca_dist_351_357_A,pocket_distance_A,600,-0.14940758879529206
Z944,2,ca_dist_351_357_A,filter_distance_A,600,0.15396783058126073
Z944,2,ca_dist_354_1460_A,pocket_distance_A,600,-0.03409628106321402
Z944,2,ca_dist_354_1460_A,filter_distance_A,600,0.01734799871433697
Z944,2,ca_dist_384_1465_A,pocket_distance_A,600,-0.2341375010610019
Z944,2,ca_dist_384_1465_A,filter_distance_A,600,0.26877124534147506
Z944,2,ca_dist_1778_1464_A,pocket_distance_A,600,0.030523877531035883
Z944,2,ca_dist_1778_1464_A,filter_distance_A,600,0.026834517552344332
Z944,2,ca_dist_926_1463_A,pocket_distance_A,600,0.07511686721532203
Z944,2,ca_dist_926_1463_A,filter_distance_A,600,-0.11922746122780539
Z944,2,ca_dist_1781_1820_A,pocket_distance_A,600,0.018169078003053455
Z944,2,ca_dist_1781_1820_A,filter_distance_A,600,-0.019359901256030636
Z944,2,ca_dist_925_1463_A,pocket_distance_A,600,0.29056236382838374
Z944,2,ca_dist_925_1463_A,filter_distance_A,600,-0.3340923478937646
Z944,2,ca_dist_384_920_A,pocket_distance_A,600,-0.3868810307654392
Z944,2,ca_dist_384_920_A,filter_distance_A,600,0.4158900706524634
Z944,2,ca_dist_926_1466_A,pocket_distance_A,600,0.34673609474685346
Z944,2,ca_dist_926_1466_A,filter_distance_A,600,-0.37423430370844707
Z944,2,ca_dist_918_1462_A,pocket_distance_A,600,-0.38789840615124843
Z944,2,ca_dist_918_1462_A,filter_distance_A,600,0.44113643754477666
Z944,2,ca_dist_1778_1782_A,pocket_distance_A,600,-0.3322564760626217
Z944,2,ca_dist_1778_1782_A,filter_distance_A,600,0.36634696228491276
Z944,2,ca_dist_354_926_A,pocket_distance_A,600,-0.15259766528006255
Z944,2,ca_dist_354_926_A,filter_distance_A,600,0.17471819563840826
Z944,2,ca_dist_357_1461_A,pocket_distance_A,600,0.011182486652581973
Z944,2,ca_dist_357_1461_A,filter_distance_A,600,-0.004961741478487119
Z944,2,ca_dist_384_916_A,pocket_distance_A,600,-0.33718487237076933
Z944,2,ca_dist_384_916_A,filter_distance_A,600,0.36680571500574993
Z944,2,ca_dist_1777_1465_A,pocket_distance_A,600,-0.2258689584448678
Z944,2,ca_dist_1777_1465_A,filter_distance_A,600,0.28343788837732287
Z944,2,ca_dist_925_1465_A,pocket_distance_A,600,0.2971504025768633
Z944,2,ca_dist_925_1465_A,filter_distance_A,600,-0.31823276234883063
Z944,2,ca_dist_384_875_A,pocket_distance_A,600,-0.23212215472813116
Z944,2,ca_dist_384_875_A,filter_distance_A,600,0.23048065841823226
Z944,2,ca_dist_384_921_A,pocket_distance_A,600,-0.40831863084267145
Z944,2,ca_dist_384_921_A,filter_distance_A,600,0.4497786315036223
Z944,2,ca_dist_1816_1463_A,pocket_distance_A,600,0.31241149695127535
Z944,2,ca_dist_1816_1463_A,filter_distance_A,600,-0.3052900679308711
Z944,2,ca_dist_355_387_A,pocket_distance_A,600,0.16585599640475082
Z944,2,ca_dist_355_387_A,filter_distance_A,600,-0.1463794367225971
Z944,2,ca_dist_356_925_A,pocket_distance_A,600,0.37937588393580574
Z944,2,ca_dist_356_925_A,filter_distance_A,600,-0.4321824480308997
Z944,2,ca_dist_354_1461_A,pocket_distance_A,600,0.01569617103090686
Z944,2,ca_dist_354_1461_A,filter_distance_A,600,-0.0032888536874741835
Z944,2,ca_dist_384_926_A,pocket_distance_A,600,-0.10657556848404764
Z944,2,ca_dist_384_926_A,filter_distance_A,600,0.13025123546585202
Z944,2,ca_dist_354_1780_A,pocket_distance_A,600,0.2247935684230757
Z944,2,ca_dist_354_1780_A,filter_distance_A,600,-0.2527711928525689
Z944,2,ca_dist_355_924_A,pocket_distance_A,600,0.24930150701492204
Z944,2,ca_dist_355_924_A,filter_distance_A,600,-0.26725452023499136
Z944,2,ca_dist_1776_1781_A,pocket_distance_A,600,-0.42901594827034145
Z944,2,ca_dist_1776_1781_A,filter_distance_A,600,0.48083851526334237
Z944,2,ca_dist_384_960_A,pocket_distance_A,600,-0.11719158460137906
Z944,2,ca_dist_384_960_A,filter_distance_A,600,0.06051168260663414
Z944,2,ca_dist_925_1459_A,pocket_distance_A,600,0.06455283909941362
Z944,2,ca_dist_925_1459_A,filter_distance_A,600,-0.10481029437203461
Z944,2,ca_dist_956_1464_A,pocket_distance_A,600,0.2464047488209828
Z944,2,ca_dist_956_1464_A,filter_distance_A,600,-0.27364560061884413
Z944,2,ca_dist_384_918_A,pocket_distance_A,600,-0.34840639969448356
Z944,2,ca_dist_384_918_A,filter_distance_A,600,0.38088664863448296
Z944,2,ca_dist_926_1460_A,pocket_distance_A,600,-0.14350916923001986
Z944,2,ca_dist_926_1460_A,filter_distance_A,600,0.08775140854968762
Z944,2,ca_dist_1778_1465_A,pocket_distance_A,600,-0.13993007679574782
Z944,2,ca_dist_1778_1465_A,filter_distance_A,600,0.21568652888207962
Z944,2,ca_dist_353_355_A,pocket_distance_A,600,-0.20755494319198728
Z944,2,ca_dist_353_355_A,filter_distance_A,600,0.21859587015916584
Z944,2,ca_dist_925_1461_A,pocket_distance_A,600,-0.13694536947328656
Z944,2,ca_dist_925_1461_A,filter_distance_A,600,0.12961280956302682
Z944,2,ca_dist_1777_1782_A,pocket_distance_A,600,-0.40599566124023406
Z944,2,ca_dist_1777_1782_A,filter_distance_A,600,0.4566257493114227
Z944,2,ca_dist_1820_1463_A,pocket_distance_A,600,0.3338520110056575
Z944,2,ca_dist_1820_1463_A,filter_distance_A,600,-0.33090286744977476
Z944,2,ca_dist_351_356_A,pocket_distance_A,600,-0.2905485886636755
Z944,2,ca_dist_351_356_A,filter_distance_A,600,0.3378046885558877
Z944,2,ca_dist_353_926_A,pocket_distance_A,600,0.07745592991883689
Z944,2,ca_dist_353_926_A,filter_distance_A,600,-0.07613993810192408
Z944,2,ca_dist_357_1781_A,pocket_distance_A,600,-0.09510310799168144
Z944,2,ca_dist_357_1781_A,filter_distance_A,600,0.10114742509470509
Z944,2,ca_dist_923_1816_A,pocket_distance_A,600,0.3119487706252339
Z944,2,ca_dist_923_1816_A,filter_distance_A,600,-0.3085372318770767
Z944,2,ca_dist_384_917_A,pocket_distance_A,600,-0.28112723695101877
Z944,2,ca_dist_384_917_A,filter_distance_A,600,0.31239447667565023
Z944,2,ca_dist_1776_1465_A,pocket_distance_A,600,-0.16644673904512436
Z944,2,ca_dist_1776_1465_A,filter_distance_A,600,0.22929268291565152
Z944,2,ca_dist_926_1459_A,pocket_distance_A,600,-0.037422387299478575
Z944,2,ca_dist_926_1459_A,filter_distance_A,600,0.010751615394928365
Z944,2,ca_dist_926_1461_A,pocket_distance_A,600,-0.1293737972099878
Z944,2,ca_dist_926_1461_A,filter_distance_A,600,0.13796883772040902
Z944,2,ca_dist_1776_1464_A,pocket_distance_A,600,-0.0028142727725732064
Z944,2,ca_dist_1776_1464_A,filter_distance_A,600,0.06698084433275156
Z944,3,ca_dist_357_1462_A,pocket_distance_A,600,0.21305557176293177
Z944,3,ca_dist_357_1462_A,filter_distance_A,600,-0.1892013574539472
Z944,3,ca_dist_1820_1462_A,pocket_distance_A,600,0.010735687860734438
Z944,3,ca_dist_1820_1462_A,filter_distance_A,600,0.015488185911838127
Z944,3,ca_dist_355_388_A,pocket_distance_A,600,-0.10873830245662143
Z944,3,ca_dist_355_388_A,filter_distance_A,600,0.07611076521704913
Z944,3,ca_dist_354_1459_A,pocket_distance_A,600,-0.08886226299792813
Z944,3,ca_dist_354_1459_A,filter_distance_A,600,0.1059650571577827
Z944,3,ca_dist_357_1780_A,pocket_distance_A,600,0.15204470500250664
Z944,3,ca_dist_357_1780_A,filter_distance_A,600,-0.13378949910664983
Z944,3,ca_dist_384_872_A,pocket_distance_A,600,-0.10606055613619286
Z944,3,ca_dist_384_872_A,filter_distance_A,600,0.09817506906175388
Z944,3,ca_dist_384_1466_A,pocket_distance_A,600,0.07522716787311821
Z944,3,ca_dist_384_1466_A,filter_distance_A,600,-0.037996540138124126
Z944,3,ca_dist_384_1463_A,pocket_distance_A,600,-0.111462473731187
Z944,3,ca_dist_384_1463_A,filter_distance_A,600,0.12170887833776453
Z944,3,ca_dist_384_950_A,pocket_distance_A,600,0.18542139927659748
Z944,3,ca_dist_384_950_A,filter_distance_A,600,-0.1468844488306877
Z944,3,ca_dist_1776_1782_A,pocket_distance_A,600,0.10705276535570814
Z944,3,ca_dist_1776_1782_A,filter_distance_A,600,-0.11315516332146808
Z944,3,ca_dist_356_1782_A,pocket_distance_A,600,-0.15918341920554963
Z944,3,ca_dist_356_1782_A,filter_distance_A,600,0.20471689501494167
Z944,3,ca_dist_1777_1464_A,pocket_distance_A,600,0.2780185862595599
Z944,3,ca_dist_1777_1464_A,filter_distance_A,600,-0.25052805960136126
Z944,3,ca_dist_357_1782_A,pocket_distance_A,600,0.09368529254140827
Z944,3,ca_dist_357_1782_A,filter_distance_A,600,-0.038772585234525134
Z944,3,ca_dist_384_876_A,pocket_distance_A,600,-0.2864787228732949
Z944,3,ca_dist_384_876_A,filter_distance_A,600,0.25985397856236125
Z944,3,ca_dist_384_919_A,pocket_distance_A,600,-0.17267069621675932
Z944,3,ca_dist_384_919_A,filter_distance_A,600,0.12945906415499686
Z944,3,ca_dist_356_1781_A,pocket_distance_A,600,-0.21337273168498877
Z944,3,ca_dist_356_1781_A,filter_distance_A,600,0.23865936444337235
Z944,3,ca_dist_357_1460_A,pocket_distance_A,600,0.019244898498742675
Z944,3,ca_dist_357_1460_A,filter_distance_A,600,-0.03784653654166157
Z944,3,ca_dist_384_948_A,pocket_distance_A,600,0.1072013781903492
Z944,3,ca_dist_384_948_A,filter_distance_A,600,-0.0889346488393999
Z944,3,ca_dist_387_955_A,pocket_distance_A,600,0.049856294684403404
Z944,3,ca_dist_387_955_A,filter_distance_A,600,-0.006816057460453337
Z944,3,ca_dist_1781_1816_A,pocket_distance_A,600,-0.2460068915999016
Z944,3,ca_dist_1781_1816_A,filter_distance_A,600,0.20731947397025546
Z944,3,ca_dist_353_1461_A,pocket_distance_A,600,-0.11670233446059887
Z944,3,ca_dist_353_1461_A,filter_distance_A,600,0.13491296975141404
Z944,3,ca_dist_351_357_A,pocket_distance_A,600,-0.232108147769786
Z944,3,ca_dist_351_357_A,filter_distance_A,600,0.23827849438453955
Z944,3,ca_dist_354_1460_A,pocket_distance_A,600,-0.2132211386464445
Z944,3,ca_dist_354_1460_A,filter_distance_A,600,0.17703013848640373
Z944,3,ca_dist_384_1465_A,pocket_distance_A,600,-0.08333319003639619
Z944,3,ca_dist_384_1465_A,filter_distance_A,600,0.10439097968285019
Z944,3,ca_dist_1778_1464_A,pocket_distance_A,600,0.3119890033779275
Z944,3,ca_dist_1778_1464_A,filter_distance_A,600,-0.2753243494775334
Z944,3,ca_dist_926_1463_A,pocket_distance_A,600,0.13319398814003114
Z944,3,ca_dist_926_1463_A,filter_distance_A,600,-0.08022867851702511
Z944,3,ca_dist_1781_1820_A,pocket_distance_A,600,-0.2593653575757384
Z944,3,ca_dist_1781_1820_A,filter_distance_A,600,0.21626942365217464
Z944,3,ca_dist_925_1463_A,pocket_distance_A,600,-0.16810164627258775
Z944,3,ca_dist_925_1463_A,filter_distance_A,600,0.16062901677887623
Z944,3,ca_dist_384_920_A,pocket_distance_A,600,-0.13426487474259166
Z944,3,ca_dist_384_920_A,filter_distance_A,600,0.10004524635116065
Z944,3,ca_dist_926_1466_A,pocket_distance_A,600,0.23901096227720003
Z944,3,ca_dist_926_1466_A,filter_distance_A,600,-0.17742988316995698
Z944,3,ca_dist_918_1462_A,pocket_distance_A,600,-0.2749957323271373
Z944,3,ca_dist_918_1462_A,filter_distance_A,600,0.21599875491100798
Z944,3,ca_dist_1778_1782_A,pocket_distance_A,600,0.22907781021422863
Z944,3,ca_dist_1778_1782_A,filter_distance_A,600,-0.22156643806977513
Z944,3,ca_dist_354_926_A,pocket_distance_A,600,0.1528590953891292
Z944,3,ca_dist_354_926_A,filter_distance_A,600,-0.0821242868797394
Z944,3,ca_dist_357_1461_A,pocket_distance_A,600,-0.07094838978912124
Z944,3,ca_dist_357_1461_A,filter_distance_A,600,0.06553137249435073
Z944,3,ca_dist_384_916_A,pocket_distance_A,600,-0.19062344452981506
Z944,3,ca_dist_384_916_A,filter_distance_A,600,0.1525881617409489
Z944,3,ca_dist_1777_1465_A,pocket_distance_A,600,0.23229431117360771
Z944,3,ca_dist_1777_1465_A,filter_distance_A,600,-0.23407011533941222
Z944,3,ca_dist_925_1465_A,pocket_distance_A,600,0.12338587218748856
Z944,3,ca_dist_925_1465_A,filter_distance_A,600,-0.07610500348950289
Z944,3,ca_dist_384_875_A,pocket_distance_A,600,-0.20948197614919234
Z944,3,ca_dist_384_875_A,filter_distance_A,600,0.21071637660591006
Z944,3,ca_dist_384_921_A,pocket_distance_A,600,-0.2340707113801929
Z944,3,ca_dist_384_921_A,filter_distance_A,600,0.1962878187485536
Z944,3,ca_dist_1816_1463_A,pocket_distance_A,600,-0.13808913861796943
Z944,3,ca_dist_1816_1463_A,filter_distance_A,600,0.16652386009946457
Z944,3,ca_dist_355_387_A,pocket_distance_A,600,-0.17235684763237255
Z944,3,ca_dist_355_387_A,filter_distance_A,600,0.09363800663947701
Z944,3,ca_dist_356_925_A,pocket_distance_A,600,-0.06064814283202537
Z944,3,ca_dist_356_925_A,filter_distance_A,600,0.06086331355383854
Z944,3,ca_dist_354_1461_A,pocket_distance_A,600,-0.26126010499065844
Z944,3,ca_dist_354_1461_A,filter_distance_A,600,0.2300547210537073
Z944,3,ca_dist_384_926_A,pocket_distance_A,600,-0.022142120279955775
Z944,3,ca_dist_384_926_A,filter_distance_A,600,0.04169662885086731
Z944,3,ca_dist_354_1780_A,pocket_distance_A,600,-0.09447100674380642
Z944,3,ca_dist_354_1780_A,filter_distance_A,600,0.13420493953076004
Z944,3,ca_dist_355_924_A,pocket_distance_A,600,-0.20938157639103017
Z944,3,ca_dist_355_924_A,filter_distance_A,600,0.1937111344538212
Z944,3,ca_dist_1776_1781_A,pocket_distance_A,600,0.0845205694981963
Z944,3,ca_dist_1776_1781_A,filter_distance_A,600,-0.07686310113573111
Z944,3,ca_dist_384_960_A,pocket_distance_A,600,0.2301879692815584
Z944,3,ca_dist_384_960_A,filter_distance_A,600,-0.1789053490090693
Z944,3,ca_dist_925_1459_A,pocket_distance_A,600,0.16332510790999802
Z944,3,ca_dist_925_1459_A,filter_distance_A,600,-0.11806892351711318
Z944,3,ca_dist_956_1464_A,pocket_distance_A,600,0.0216390618610906
Z944,3,ca_dist_956_1464_A,filter_distance_A,600,0.005014557314327689
Z944,3,ca_dist_384_918_A,pocket_distance_A,600,-0.22631966461516625
Z944,3,ca_dist_384_918_A,filter_distance_A,600,0.17465014764928452
Z944,3,ca_dist_926_1460_A,pocket_distance_A,600,0.1508725576939897
Z944,3,ca_dist_926_1460_A,filter_distance_A,600,-0.10526417942649649
Z944,3,ca_dist_1778_1465_A,pocket_distance_A,600,0.28649428616034517
Z944,3,ca_dist_1778_1465_A,filter_distance_A,600,-0.26167130690255075
Z944,3,ca_dist_353_355_A,pocket_distance_A,600,-0.2579554562224971
Z944,3,ca_dist_353_355_A,filter_distance_A,600,0.21356750456675322
Z944,3,ca_dist_925_1461_A,pocket_distance_A,600,-0.26948235510616236
Z944,3,ca_dist_925_1461_A,filter_distance_A,600,0.258358247336707
Z944,3,ca_dist_1777_1782_A,pocket_distance_A,600,-0.038490922852293226
Z944,3,ca_dist_1777_1782_A,filter_distance_A,600,0.024884239004694116
Z944,3,ca_dist_1820_1463_A,pocket_distance_A,600,-0.19106564056230094
Z944,3,ca_dist_1820_1463_A,filter_distance_A,600,0.16627305938431944
Z944,3,ca_dist_351_356_A,pocket_distance_A,600,-0.23725754275404648
Z944,3,ca_dist_351_356_A,filter_distance_A,600,0.22163743314942538
Z944,3,ca_dist_353_926_A,pocket_distance_A,600,0.05625307056904902
Z944,3,ca_dist_353_926_A,filter_distance_A,600,-0.017810360793234704
Z944,3,ca_dist_357_1781_A,pocket_distance_A,600,-0.0032306734846077995
Z944,3,ca_dist_357_1781_A,filter_distance_A,600,0.006768970238782309
Z944,3,ca_dist_923_1816_A,pocket_distance_A,600,-0.07816717213703103
Z944,3,ca_dist_923_1816_A,filter_distance_A,600,0.10253239207528933
Z944,3,ca_dist_384_917_A,pocket_distance_A,600,-0.26559371882647487
Z944,3,ca_dist_384_917_A,filter_distance_A,600,0.19960001736660307
Z944,3,ca_dist_1776_1465_A,pocket_distance_A,600,0.24485421495688578
Z944,3,ca_dist_1776_1465_A,filter_distance_A,600,-0.23281617799043997
Z944,3,ca_dist_926_1459_A,pocket_distance_A,600,0.22851402186249098
Z944,3,ca_dist_926_1459_A,filter_distance_A,600,-0.16980619045172834
Z944,3,ca_dist_926_1461_A,pocket_distance_A,600,-0.11627351623230081
Z944,3,ca_dist_926_1461_A,filter_distance_A,600,0.1387339222891215
Z944,3,ca_dist_1776_1464_A,pocket_distance_A,600,0.31163131268278654
Z944,3,ca_dist_1776_1464_A,filter_distance_A,600,-0.27332118886728923
mZ944,1,ca_dist_357_1462_A,pocket_distance_A,600,-0.48393482646914465
mZ944,1,ca_dist_357_1462_A,filter_distance_A,600,0.3502868810738493
mZ944,1,ca_dist_1820_1462_A,pocket_distance_A,600,-0.30926877458283625
mZ944,1,ca_dist_1820_1462_A,filter_distance_A,600,0.17623475333759278
mZ944,1,ca_dist_355_388_A,pocket_distance_A,600,-0.0939491407030455
mZ944,1,ca_dist_355_388_A,filter_distance_A,600,0.16586504560528914
mZ944,1,ca_dist_354_1459_A,pocket_distance_A,600,-0.46643832669407
mZ944,1,ca_dist_354_1459_A,filter_distance_A,600,0.2869492661375447
mZ944,1,ca_dist_357_1780_A,pocket_distance_A,600,-0.2204092413887697
mZ944,1,ca_dist_357_1780_A,filter_distance_A,600,0.032821384564436624
mZ944,1,ca_dist_384_872_A,pocket_distance_A,600,0.19258880368608094
mZ944,1,ca_dist_384_872_A,filter_distance_A,600,-0.07648720223505165
mZ944,1,ca_dist_384_1466_A,pocket_distance_A,600,0.1350912527948246
mZ944,1,ca_dist_384_1466_A,filter_distance_A,600,0.0012359248718437784
mZ944,1,ca_dist_384_1463_A,pocket_distance_A,600,0.33636573662679203
mZ944,1,ca_dist_384_1463_A,filter_distance_A,600,-0.21264941175740207
mZ944,1,ca_dist_384_950_A,pocket_distance_A,600,0.25133038826427745
mZ944,1,ca_dist_384_950_A,filter_distance_A,600,-0.11147354561686988
mZ944,1,ca_dist_1776_1782_A,pocket_distance_A,600,-0.11965487391643936
mZ944,1,ca_dist_1776_1782_A,filter_distance_A,600,0.2096095582427963
mZ944,1,ca_dist_356_1782_A,pocket_distance_A,600,-0.2306262065860409
mZ944,1,ca_dist_356_1782_A,filter_distance_A,600,0.06868806712406875
mZ944,1,ca_dist_1777_1464_A,pocket_distance_A,600,0.4002865124728238
mZ944,1,ca_dist_1777_1464_A,filter_distance_A,600,-0.3980324758296815
mZ944,1,ca_dist_357_1782_A,pocket_distance_A,600,-0.2565315518587035
mZ944,1,ca_dist_357_1782_A,filter_distance_A,600,0.08627685056084544
mZ944,1,ca_dist_384_876_A,pocket_distance_A,600,0.15113080120493297
mZ944,1,ca_dist_384_876_A,filter_distance_A,600,-0.07125991753165034
mZ944,1,ca_dist_384_919_A,pocket_distance_A,600,0.043069371246263845
mZ944,1,ca_dist_384_919_A,filter_distance_A,600,-0.03349019456015241
mZ944,1,ca_dist_356_1781_A,pocket_distance_A,600,-0.2070467890282061
mZ944,1,ca_dist_356_1781_A,filter_distance_A,600,0.09705408877647949
mZ944,1,ca_dist_357_1460_A,pocket_distance_A,600,-0.3911934970587607
mZ944,1,ca_dist_357_1460_A,filter_distance_A,600,0.30912683003875924
mZ944,1,ca_dist_384_948_A,pocket_distance_A,600,0.14819553726242354
mZ944,1,ca_dist_384_948_A,filter_distance_A,600,-0.041645137588862756
mZ944,1,ca_dist_387_955_A,pocket_distance_A,600,0.08386414835486777
mZ944,1,ca_dist_387_955_A,filter_distance_A,600,-0.06095437689201205
mZ944,1,ca_dist_1781_1816_A,pocket_distance_A,600,-0.3404823672919068
mZ944,1,ca_dist_1781_1816_A,filter_distance_A,600,0.34578557341235655
mZ944,1,ca_dist_353_1461_A,pocket_distance_A,600,-0.1646139763611523
mZ944,1,ca_dist_353_1461_A,filter_distance_A,600,0.10415860816486949
mZ944,1,ca_dist_351_357_A,pocket_distance_A,600,-0.16780340817762626
mZ944,1,ca_dist_351_357_A,filter_distance_A,600,0.13900267282433626
mZ944,1,ca_dist_354_1460_A,pocket_distance_A,600,-0.44947005165028614
mZ944,1,ca_dist_354_1460_A,filter_distance_A,600,0.30324445765296537
mZ944,1,ca_dist_384_1465_A,pocket_distance_A,600,0.41099942447028776
mZ944,1,ca_dist_384_1465_A,filter_distance_A,600,-0.20858413476844953
mZ944,1,ca_dist_1778_1464_A,pocket_distance_A,600,0.3518598657794912
mZ944,1,ca_dist_1778_1464_A,filter_distance_A,600,-0.3711187693745964
mZ944,1,ca_dist_926_1463_A,pocket_distance_A,600,-0.07085808657604903
mZ944,1,ca_dist_926_1463_A,filter_distance_A,600,-0.03138418057854389
mZ944,1,ca_dist_1781_1820_A,pocket_distance_A,600,-0.376088175308453
mZ944,1,ca_dist_1781_1820_A,filter_distance_A,600,0.3914733211730225
mZ944,1,ca_dist_925_1463_A,pocket_distance_A,600,0.11839484015349876
mZ944,1,ca_dist_925_1463_A,filter_distance_A,600,-0.1631788333273598
mZ944,1,ca_dist_384_920_A,pocket_distance_A,600,0.18645221898173608
mZ944,1,ca_dist_384_920_A,filter_distance_A,600,-0.16847453515164199
mZ944,1,ca_dist_926_1466_A,pocket_distance_A,600,-0.4844958569118181
mZ944,1,ca_dist_926_1466_A,filter_distance_A,600,0.3034226810583943
mZ944,1,ca_dist_918_1462_A,pocket_distance_A,600,0.4507400576828173
mZ944,1,ca_dist_918_1462_A,filter_distance_A,600,-0.36635684887181086
mZ944,1,ca_dist_1778_1782_A,pocket_distance_A,600,0.21630477744811352
mZ944,1,ca_dist_1778_1782_A,filter_distance_A,600,-0.07042199530210486
mZ944,1,ca_dist_354_926_A,pocket_distance_A,600,-0.13706709551341467
mZ944,1,ca_dist_354_926_A,filter_distance_A,600,0.08161895852647194
mZ944,1,ca_dist_357_1461_A,pocket_distance_A,600,-0.3177077591124736
mZ944,1,ca_dist_357_1461_A,filter_distance_A,600,0.24942682258548696
mZ944,1,ca_dist_384_916_A,pocket_distance_A,600,0.1088396836553757
mZ944,1,ca_dist_384_916_A,filter_distance_A,600,-0.06662285896892144
mZ944,1,ca_dist_1777_1465_A,pocket_distance_A,600,0.4691020337911283
mZ944,1,ca_dist_1777_1465_A,filter_distance_A,600,-0.39567693241369517
mZ944,1,ca_dist_925_1465_A,pocket_distance_A,600,-0.17409452139375964
mZ944,1,ca_dist_925_1465_A,filter_distance_A,600,0.03225068633118576
mZ944,1,ca_dist_384_875_A,pocket_distance_A,600,0.2220451380481709
mZ944,1,ca_dist_384_875_A,filter_distance_A,600,-0.09553960649976642
mZ944,1,ca_dist_384_921_A,pocket_distance_A,600,0.3287321170337507
mZ944,1,ca_dist_384_921_A,filter_distance_A,600,-0.26561498561257885
mZ944,1,ca_dist_1816_1463_A,pocket_distance_A,600,-0.20910352101990926
mZ944,1,ca_dist_1816_1463_A,filter_distance_A,600,0.1125163303175872
mZ944,1,ca_dist_355_387_A,pocket_distance_A,600,-0.13163656971840662
mZ944,1,ca_dist_355_387_A,filter_distance_A,600,0.18459400327823106
mZ944,1,ca_dist_356_925_A,pocket_distance_A,600,-0.003223431977974831
mZ944,1,ca_dist_356_925_A,filter_distance_A,600,-0.06431751033061746
mZ944,1,ca_dist_354_1461_A,pocket_distance_A,600,-0.24257337444622257
mZ944,1,ca_dist_354_1461_A,filter_distance_A,600,0.14642372209191315
mZ944,1,ca_dist_384_926_A,pocket_distance_A,600,0.029798280430778885
mZ944,1,ca_dist_384_926_A,filter_distance_A,600,0.0031352985927001384
mZ944,1,ca_dist_354_1780_A,pocket_distance_A,600,-0.18099435972356068
mZ944,1,ca_dist_354_1780_A,filter_distance_A,600,0.0763305900842087
mZ944,1,ca_dist_355_924_A,pocket_distance_A,600,0.0053548309910131766
mZ944,1,ca_dist_355_924_A,filter_distance_A,600,-0.02865405134238778
mZ944,1,ca_dist_1776_1781_A,pocket_distance_A,600,-0.19189735595725846
mZ944,1,ca_dist_1776_1781_A,filter_distance_A,600,0.2379595520110218
mZ944,1,ca_dist_384_960_A,pocket_distance_A,600,0.17013289146489866
mZ944,1,ca_dist_384_960_A,filter_distance_A,600,-0.07421454825824858
mZ944,1,ca_dist_925_1459_A,pocket_distance_A,600,-0.4118083449793284
mZ944,1,ca_dist_925_1459_A,filter_distance_A,600,0.2264484200342543
mZ944,1,ca_dist_956_1464_A,pocket_distance_A,600,0.47668143090439047
mZ944,1,ca_dist_956_1464_A,filter_distance_A,600,-0.2708703538357571
mZ944,1,ca_dist_384_918_A,pocket_distance_A,600,0.06162862606942702
mZ944,1,ca_dist_384_918_A,filter_distance_A,600,-0.05679215481500669
mZ944,1,ca_dist_926_1460_A,pocket_distance_A,600,-0.3916514714563622
mZ944,1,ca_dist_926_1460_A,filter_distance_A,600,0.25672670438197887
mZ944,1,ca_dist_1778_1465_A,pocket_distance_A,600,0.4308419353889199
mZ944,1,ca_dist_1778_1465_A,filter_distance_A,600,-0.3723708054645119
mZ944,1,ca_dist_353_355_A,pocket_distance_A,600,-0.2504798564464719
mZ944,1,ca_dist_353_355_A,filter_distance_A,600,0.2526418161517182
mZ944,1,ca_dist_925_1461_A,pocket_distance_A,600,-0.05656015754974725
mZ944,1,ca_dist_925_1461_A,filter_distance_A,600,0.01835534408144892
mZ944,1,ca_dist_1777_1782_A,pocket_distance_A,600,0.047465447683191025
mZ944,1,ca_dist_1777_1782_A,filter_distance_A,600,0.05878961252036578
mZ944,1,ca_dist_1820_1463_A,pocket_distance_A,600,-0.11127100075969223
mZ944,1,ca_dist_1820_1463_A,filter_distance_A,600,0.04924829917657553
mZ944,1,ca_dist_351_356_A,pocket_distance_A,600,-0.13719237579171997
mZ944,1,ca_dist_351_356_A,filter_distance_A,600,0.14605122164740267
mZ944,1,ca_dist_353_926_A,pocket_distance_A,600,-0.13474764005155232
mZ944,1,ca_dist_353_926_A,filter_distance_A,600,0.07529577765864072
mZ944,1,ca_dist_357_1781_A,pocket_distance_A,600,-0.21192706220951318
mZ944,1,ca_dist_357_1781_A,filter_distance_A,600,0.11217202247620758
mZ944,1,ca_dist_923_1816_A,pocket_distance_A,600,-0.2795219943966837
mZ944,1,ca_dist_923_1816_A,filter_distance_A,600,0.1049876414465133
mZ944,1,ca_dist_384_917_A,pocket_distance_A,600,0.26588423517285636
mZ944,1,ca_dist_384_917_A,filter_distance_A,600,-0.1878420803974339
mZ944,1,ca_dist_1776_1465_A,pocket_distance_A,600,0.4176742061755138
mZ944,1,ca_dist_1776_1465_A,filter_distance_A,600,-0.311862237087732
mZ944,1,ca_dist_926_1459_A,pocket_distance_A,600,-0.4395916158388079
mZ944,1,ca_dist_926_1459_A,filter_distance_A,600,0.2507317201374554
mZ944,1,ca_dist_926_1461_A,pocket_distance_A,600,-0.16466983773760505
mZ944,1,ca_dist_926_1461_A,filter_distance_A,600,0.08797186181384947
mZ944,1,ca_dist_1776_1464_A,pocket_distance_A,600,0.3189952374502205
mZ944,1,ca_dist_1776_1464_A,filter_distance_A,600,-0.2920967725335283
mZ944,2,ca_dist_357_1462_A,pocket_distance_A,600,-0.31055678360878874
mZ944,2,ca_dist_357_1462_A,filter_distance_A,600,0.08248648099411193
mZ944,2,ca_dist_1820_1462_A,pocket_distance_A,600,0.019171717936230032
mZ944,2,ca_dist_1820_1462_A,filter_distance_A,600,0.017465186954487302
mZ944,2,ca_dist_355_388_A,pocket_distance_A,600,-0.18151713348310639
mZ944,2,ca_dist_355_388_A,filter_distance_A,600,-0.004791174475092273
mZ944,2,ca_dist_354_1459_A,pocket_distance_A,600,0.5706140120773502
mZ944,2,ca_dist_354_1459_A,filter_distance_A,600,0.09824096468139198
mZ944,2,ca_dist_357_1780_A,pocket_distance_A,600,-0.029118115349882435
mZ944,2,ca_dist_357_1780_A,filter_distance_A,600,-0.014014177061300722
mZ944,2,ca_dist_384_872_A,pocket_distance_A,600,0.5389949096118775
mZ944,2,ca_dist_384_872_A,filter_distance_A,600,0.06967306119879915
mZ944,2,ca_dist_384_1466_A,pocket_distance_A,600,0.30819222360521287
mZ944,2,ca_dist_384_1466_A,filter_distance_A,600,0.07694449381566598
mZ944,2,ca_dist_384_1463_A,pocket_distance_A,600,-0.018475012490408334
mZ944,2,ca_dist_384_1463_A,filter_distance_A,600,0.09695053639129352
mZ944,2,ca_dist_384_950_A,pocket_distance_A,600,-0.3609437532682272
mZ944,2,ca_dist_384_950_A,filter_distance_A,600,-0.052902857794545004
mZ944,2,ca_dist_1776_1782_A,pocket_distance_A,600,0.4012171691884188
mZ944,2,ca_dist_1776_1782_A,filter_distance_A,600,-0.13231496044208518
mZ944,2,ca_dist_356_1782_A,pocket_distance_A,600,0.07955965585412675
mZ944,2,ca_dist_356_1782_A,filter_distance_A,600,-0.0708556723343541
mZ944,2,ca_dist_1777_1464_A,pocket_distance_A,600,-0.09993120388179705
mZ944,2,ca_dist_1777_1464_A,filter_distance_A,600,0.06227308245357301
mZ944,2,ca_dist_357_1782_A,pocket_distance_A,600,-0.19975518664983127
mZ944,2,ca_dist_357_1782_A,filter_distance_A,600,-0.05131950857413577
mZ944,2,ca_dist_384_876_A,pocket_distance_A,600,0.5284271065710249
mZ944,2,ca_dist_384_876_A,filter_distance_A,600,0.09925641949135244
mZ944,2,ca_dist_384_919_A,pocket_distance_A,600,0.30803274958301335
mZ944,2,ca_dist_384_919_A,filter_distance_A,600,0.028782809297392395
mZ944,2,ca_dist_356_1781_A,pocket_distance_A,600,0.25977722175516477
mZ944,2,ca_dist_356_1781_A,filter_distance_A,600,-0.10257868457591951
mZ944,2,ca_dist_357_1460_A,pocket_distance_A,600,-0.1329171603107978
mZ944,2,ca_dist_357_1460_A,filter_distance_A,600,0.06084284948703638
mZ944,2,ca_dist_384_948_A,pocket_distance_A,600,0.3849414147250872
mZ944,2,ca_dist_384_948_A,filter_distance_A,600,0.07672270041851229
mZ944,2,ca_dist_387_955_A,pocket_distance_A,600,-0.23146826487838587
mZ944,2,ca_dist_387_955_A,filter_distance_A,600,-0.06618152053252864
mZ944,2,ca_dist_1781_1816_A,pocket_distance_A,600,-0.12411026041623362
mZ944,2,ca_dist_1781_1816_A,filter_distance_A,600,0.06892483133882828
mZ944,2,ca_dist_353_1461_A,pocket_distance_A,600,-0.23885811093034104
mZ944,2,ca_dist_353_1461_A,filter_distance_A,600,-0.07995668524079035
mZ944,2,ca_dist_351_357_A,pocket_distance_A,600,-0.3525158028566471
mZ944,2,ca_dist_351_357_A,filter_distance_A,600,0.021098850233565166
mZ944,2,ca_dist_354_1460_A,pocket_distance_A,600,0.5139987473939287
mZ944,2,ca_dist_354_1460_A,filter_distance_A,600,0.11514547594155168
mZ944,2,ca_dist_384_1465_A,pocket_distance_A,600,0.2932050430828843
mZ944,2,ca_dist_384_1465_A,filter_distance_A,600,0.12773273137398602
mZ944,2,ca_dist_1778_1464_A,pocket_distance_A,600,-0.17195061272698564
mZ944,2,ca_dist_1778_1464_A,filter_distance_A,600,-0.033826373929711516
mZ944,2,ca_dist_926_1463_A,pocket_distance_A,600,-0.1878737097284351
mZ944,2,ca_dist_926_1463_A,filter_distance_A,600,0.06030382994107222
mZ944,2,ca_dist_1781_1820_A,pocket_distance_A,600,0.27563773447464635
mZ944,2,ca_dist_1781_1820_A,filter_distance_A,600,0.08344855704082786
mZ944,2,ca_dist_925_1463_A,pocket_distance_A,600,-0.12956820584460849
mZ944,2,ca_dist_925_1463_A,filter_distance_A,600,0.15051552926638276
mZ944,2,ca_dist_384_920_A,pocket_distance_A,600,-0.2021784897836774
mZ944,2,ca_dist_384_920_A,filter_distance_A,600,-0.058599484442191874
mZ944,2,ca_dist_926_1466_A,pocket_distance_A,600,0.4165341589427048
mZ944,2,ca_dist_926_1466_A,filter_distance_A,600,0.07065176016061979
mZ944,2,ca_dist_918_1462_A,pocket_distance_A,600,-0.38627402945710465
mZ944,2,ca_dist_918_1462_A,filter_distance_A,600,-0.029130632206276
mZ944,2,ca_dist_1778_1782_A,pocket_distance_A,600,0.14770009752562496
mZ944,2,ca_dist_1778_1782_A,filter_distance_A,600,-0.06184989349931439
mZ944,2,ca_dist_354_926_A,pocket_distance_A,600,0.20235061311577726
mZ944,2,ca_dist_354_926_A,filter_distance_A,600,0.16438870956968404
mZ944,2,ca_dist_357_1461_A,pocket_distance_A,600,-0.2774442016272774
mZ944,2,ca_dist_357_1461_A,filter_distance_A,600,0.015785212900860022
mZ944,2,ca_dist_384_916_A,pocket_distance_A,600,0.13775085236157614
mZ944,2,ca_dist_384_916_A,filter_distance_A,600,0.026824285518943242
mZ944,2,ca_dist_1777_1465_A,pocket_distance_A,600,0.060417739956929
mZ944,2,ca_dist_1777_1465_A,filter_distance_A,600,0.0625428902469454
mZ944,2,ca_dist_925_1465_A,pocket_distance_A,600,0.4080593199897138
mZ944,2,ca_dist_925_1465_A,filter_distance_A,600,0.07802584424526453
mZ944,2,ca_dist_384_875_A,pocket_distance_A,600,0.4861125821108881
mZ944,2,ca_dist_384_875_A,filter_distance_A,600,0.0834359077309275
mZ944,2,ca_dist_384_921_A,pocket_distance_A,600,-0.19573330214229265
mZ944,2,ca_dist_384_921_A,filter_distance_A,600,-0.024572973263690123
mZ944,2,ca_dist_1816_1463_A,pocket_distance_A,600,-0.44179873819220444
mZ944,2,ca_dist_1816_1463_A,filter_distance_A,600,0.009895667720544095
mZ944,2,ca_dist_355_387_A,pocket_distance_A,600,-0.3464234051306513
mZ944,2,ca_dist_355_387_A,filter_distance_A,600,0.0033534578854208627
mZ944,2,ca_dist_356_925_A,pocket_distance_A,600,0.4638086036456101
mZ944,2,ca_dist_356_925_A,filter_distance_A,600,0.15519259504535804
mZ944,2,ca_dist_354_1461_A,pocket_distance_A,600,0.3078372482069615
mZ944,2,ca_dist_354_1461_A,filter_distance_A,600,-0.003866715224310421
mZ944,2,ca_dist_384_926_A,pocket_distance_A,600,-0.21460892026404846
mZ944,2,ca_dist_384_926_A,filter_distance_A,600,0.022906708148017704
mZ944,2,ca_dist_354_1780_A,pocket_distance_A,600,0.28345368345801003
mZ944,2,ca_dist_354_1780_A,filter_distance_A,600,-0.09825242190973106
mZ944,2,ca_dist_355_924_A,pocket_distance_A,600,0.1726738751009228
mZ944,2,ca_dist_355_924_A,filter_distance_A,600,0.20104236982901286
mZ944,2,ca_dist_1776_1781_A,pocket_distance_A,600,0.431588162259219
mZ944,2,ca_dist_1776_1781_A,filter_distance_A,600,-0.09109337609339267
mZ944,2,ca_dist_384_960_A,pocket_distance_A,600,-0.2273598220041468
mZ944,2,ca_dist_384_960_A,filter_distance_A,600,0.004353084501317508
mZ944,2,ca_dist_925_1459_A,pocket_distance_A,600,0.4815067100918233
mZ944,2,ca_dist_925_1459_A,filter_distance_A,600,0.0897038725802002
mZ944,2,ca_dist_956_1464_A,pocket_distance_A,600,0.5369458538615235
mZ944,2,ca_dist_956_1464_A,filter_distance_A,600,0.09988961348065864
mZ944,2,ca_dist_384_918_A,pocket_distance_A,600,-0.0740330995092242
mZ944,2,ca_dist_384_918_A,filter_distance_A,600,-0.015634348356603194
mZ944,2,ca_dist_926_1460_A,pocket_distance_A,600,0.45368054624736753
mZ944,2,ca_dist_926_1460_A,filter_distance_A,600,0.14500407262125659
mZ944,2,ca_dist_1778_1465_A,pocket_distance_A,600,-0.0014321535423853812
mZ944,2,ca_dist_1778_1465_A,filter_distance_A,600,-0.006658504014102594
mZ944,2,ca_dist_353_355_A,pocket_distance_A,600,-0.0037157182265467833
mZ944,2,ca_dist_353_355_A,filter_distance_A,600,-0.006278362449557295
mZ944,2,ca_dist_925_1461_A,pocket_distance_A,600,0.2906892211745312
mZ944,2,ca_dist_925_1461_A,filter_distance_A,600,0.11129816515598893
mZ944,2,ca_dist_1777_1782_A,pocket_distance_A,600,0.3312715848993577
mZ944,2,ca_dist_1777_1782_A,filter_distance_A,600,-0.05924353961905652
mZ944,2,ca_dist_1820_1463_A,pocket_distance_A,600,-0.12240591491735327
mZ944,2,ca_dist_1820_1463_A,filter_distance_A,600,0.05253887555783056
mZ944,2,ca_dist_351_356_A,pocket_distance_A,600,-0.1851971554895678
mZ944,2,ca_dist_351_356_A,filter_distance_A,600,-0.019993724399494185
mZ944,2,ca_dist_353_926_A,pocket_distance_A,600,0.4463964643206004
mZ944,2,ca_dist_353_926_A,filter_distance_A,600,0.09828732340877555
mZ944,2,ca_dist_357_1781_A,pocket_distance_A,600,-0.09204114716137313
mZ944,2,ca_dist_357_1781_A,filter_distance_A,600,-0.08135420219114485
mZ944,2,ca_dist_923_1816_A,pocket_distance_A,600,-0.5010466487769857
mZ944,2,ca_dist_923_1816_A,filter_distance_A,600,-0.04547109020768442
mZ944,2,ca_dist_384_917_A,pocket_distance_A,600,-0.36690641278430236
mZ944,2,ca_dist_384_917_A,filter_distance_A,600,-0.07134700861786657
mZ944,2,ca_dist_1776_1465_A,pocket_distance_A,600,-0.059251685509725344
mZ944,2,ca_dist_1776_1465_A,filter_distance_A,600,-0.173164350436641
mZ944,2,ca_dist_926_1459_A,pocket_distance_A,600,0.5193863600101875
mZ944,2,ca_dist_926_1459_A,filter_distance_A,600,0.08286357612800059
mZ944,2,ca_dist_926_1461_A,pocket_distance_A,600,0.22394126322012878
mZ944,2,ca_dist_926_1461_A,filter_distance_A,600,0.007971515627112194
mZ944,2,ca_dist_1776_1464_A,pocket_distance_A,600,-0.10936546981136777
mZ944,2,ca_dist_1776_1464_A,filter_distance_A,600,-0.15392276327556856
mZ944,3,ca_dist_357_1462_A,pocket_distance_A,600,-0.011874986699562447
mZ944,3,ca_dist_357_1462_A,filter_distance_A,600,0.1000432926619352
mZ944,3,ca_dist_1820_1462_A,pocket_distance_A,600,-0.038814374315923765
mZ944,3,ca_dist_1820_1462_A,filter_distance_A,600,0.0048627324821464875
mZ944,3,ca_dist_355_388_A,pocket_distance_A,600,-0.036824922643634427
mZ944,3,ca_dist_355_388_A,filter_distance_A,600,0.008882961320849942
mZ944,3,ca_dist_354_1459_A,pocket_distance_A,600,0.005433772663381999
mZ944,3,ca_dist_354_1459_A,filter_distance_A,600,-0.010583929255306641
mZ944,3,ca_dist_357_1780_A,pocket_distance_A,600,-0.008165361334328934
mZ944,3,ca_dist_357_1780_A,filter_distance_A,600,-0.08224604476587469
mZ944,3,ca_dist_384_872_A,pocket_distance_A,600,-0.002751125563201439
mZ944,3,ca_dist_384_872_A,filter_distance_A,600,0.11546545050062842
mZ944,3,ca_dist_384_1466_A,pocket_distance_A,600,-0.032179711933047
mZ944,3,ca_dist_384_1466_A,filter_distance_A,600,0.1258486133529875
mZ944,3,ca_dist_384_1463_A,pocket_distance_A,600,-0.025075170734761034
mZ944,3,ca_dist_384_1463_A,filter_distance_A,600,0.12656657758665224
mZ944,3,ca_dist_384_950_A,pocket_distance_A,600,0.005128401103431064
mZ944,3,ca_dist_384_950_A,filter_distance_A,600,0.11339261934580207
mZ944,3,ca_dist_1776_1782_A,pocket_distance_A,600,-0.02684514694626585
mZ944,3,ca_dist_1776_1782_A,filter_distance_A,600,-0.0794021355211527
mZ944,3,ca_dist_356_1782_A,pocket_distance_A,600,-0.040070828281525396
mZ944,3,ca_dist_356_1782_A,filter_distance_A,600,-0.04385969395720812
mZ944,3,ca_dist_1777_1464_A,pocket_distance_A,600,-0.03505646964745793
mZ944,3,ca_dist_1777_1464_A,filter_distance_A,600,0.14350195051389872
mZ944,3,ca_dist_357_1782_A,pocket_distance_A,600,0.01871097841279072
mZ944,3,ca_dist_357_1782_A,filter_distance_A,600,-0.0600750496214343
mZ944,3,ca_dist_384_876_A,pocket_distance_A,600,-0.004234869746489397
mZ944,3,ca_dist_384_876_A,filter_distance_A,600,0.11319844250481831
mZ944,3,ca_dist_384_919_A,pocket_distance_A,600,-0.00897802982536297
mZ944,3,ca_dist_384_919_A,filter_distance_A,600,0.12904008059957947
mZ944,3,ca_dist_356_1781_A,pocket_distance_A,600,-0.0431937508383431
mZ944,3,ca_dist_356_1781_A,filter_distance_A,600,-0.05266566667722463
mZ944,3,ca_dist_357_1460_A,pocket_distance_A,600,-0.04178239249652692
mZ944,3,ca_dist_357_1460_A,filter_distance_A,600,0.1755246388146222
mZ944,3,ca_dist_384_948_A,pocket_distance_A,600,0.013399327882687733
mZ944,3,ca_dist_384_948_A,filter_distance_A,600,0.10764552791206053
mZ944,3,ca_dist_387_955_A,pocket_distance_A,600,0.08062676753174318
mZ944,3,ca_dist_387_955_A,filter_distance_A,600,-0.03506703281462604
mZ944,3,ca_dist_1781_1816_A,pocket_distance_A,600,-0.09070197598076853
mZ944,3,ca_dist_1781_1816_A,filter_distance_A,600,-0.04187997761766934
mZ944,3,ca_dist_353_1461_A,pocket_distance_A,600,-0.05403169280633501
mZ944,3,ca_dist_353_1461_A,filter_distance_A,600,0.03654547885764159
mZ944,3,ca_dist_351_357_A,pocket_distance_A,600,-0.05050982028700497
mZ944,3,ca_dist_351_357_A,filter_distance_A,600,-0.027944146805646858
mZ944,3,ca_dist_354_1460_A,pocket_distance_A,600,-0.023126580969322647
mZ944,3,ca_dist_354_1460_A,filter_distance_A,600,0.029018742106398078
mZ944,3,ca_dist_384_1465_A,pocket_distance_A,600,-0.02761788070499661
mZ944,3,ca_dist_384_1465_A,filter_distance_A,600,0.1361993913229315
mZ944,3,ca_dist_1778_1464_A,pocket_distance_A,600,-0.029456997647056355
mZ944,3,ca_dist_1778_1464_A,filter_distance_A,600,0.13480571552427445
mZ944,3,ca_dist_926_1463_A,pocket_distance_A,600,0.016982460148917498
mZ944,3,ca_dist_926_1463_A,filter_distance_A,600,0.05413729136463946
mZ944,3,ca_dist_1781_1820_A,pocket_distance_A,600,-0.0401265912078925
mZ944,3,ca_dist_1781_1820_A,filter_distance_A,600,-0.06637301518999951
mZ944,3,ca_dist_925_1463_A,pocket_distance_A,600,-0.05301531082182687
mZ944,3,ca_dist_925_1463_A,filter_distance_A,600,0.008016781613064582
mZ944,3,ca_dist_384_920_A,pocket_distance_A,600,-0.017600090851173502
mZ944,3,ca_dist_384_920_A,filter_distance_A,600,0.12433115975221636
mZ944,3,ca_dist_926_1466_A,pocket_distance_A,600,0.031757119019569034
mZ944,3,ca_dist_926_1466_A,filter_distance_A,600,-0.052510298713736255
mZ944,3,ca_dist_918_1462_A,pocket_distance_A,600,-0.004252353609388344
mZ944,3,ca_dist_918_1462_A,filter_distance_A,600,0.10634993393519646
mZ944,3,ca_dist_1778_1782_A,pocket_distance_A,600,-0.042008556859405355
mZ944,3,ca_dist_1778_1782_A,filter_distance_A,600,-0.06593009066322617
mZ944,3,ca_dist_354_926_A,pocket_distance_A,600,-0.09139212497800311
mZ944,3,ca_dist_354_926_A,filter_distance_A,600,0.07150413159032018
mZ944,3,ca_dist_357_1461_A,pocket_distance_A,600,-0.050971751892005576
mZ944,3,ca_dist_357_1461_A,filter_distance_A,600,0.18396960950182747
mZ944,3,ca_dist_384_916_A,pocket_distance_A,600,-0.015612890888499941
mZ944,3,ca_dist_384_916_A,filter_distance_A,600,0.11830121385468159
mZ944,3,ca_dist_1777_1465_A,pocket_distance_A,600,-0.026449640774930564
mZ944,3,ca_dist_1777_1465_A,filter_distance_A,600,0.1424705350563676
mZ944,3,ca_dist_925_1465_A,pocket_distance_A,600,-0.026433812580866748
mZ944,3,ca_dist_925_1465_A,filter_distance_A,600,-0.06607943199215467
mZ944,3,ca_dist_384_875_A,pocket_distance_A,600,0.006649960762913337
mZ944,3,ca_dist_384_875_A,filter_distance_A,600,0.11098262778939032
mZ944,3,ca_dist_384_921_A,pocket_distance_A,600,-0.023072804845557703
mZ944,3,ca_dist_384_921_A,filter_distance_A,600,0.12602080291184076
mZ944,3,ca_dist_1816_1463_A,pocket_distance_A,600,-0.01815811747536491
mZ944,3,ca_dist_1816_1463_A,filter_distance_A,600,0.035647444081468374
mZ944,3,ca_dist_355_387_A,pocket_distance_A,600,-0.05888200777221804
mZ944,3,ca_dist_355_387_A,filter_distance_A,600,0.012241452439529591
mZ944,3,ca_dist_356_925_A,pocket_distance_A,600,-0.09784923343500078
mZ944,3,ca_dist_356_925_A,filter_distance_A,600,0.12045272239255321
mZ944,3,ca_dist_354_1461_A,pocket_distance_A,600,-0.05164587401491613
mZ944,3,ca_dist_354_1461_A,filter_distance_A,600,0.10791321644932395
mZ944,3,ca_dist_384_926_A,pocket_distance_A,600,-0.015515471334241034
mZ944,3,ca_dist_384_926_A,filter_distance_A,600,0.12252661317543406
mZ944,3,ca_dist_354_1780_A,pocket_distance_A,600,0.001541758819270829
mZ944,3,ca_dist_354_1780_A,filter_distance_A,600,-0.12627332552257442
mZ944,3,ca_dist_355_924_A,pocket_distance_A,600,-0.054639323268826846
mZ944,3,ca_dist_355_924_A,filter_distance_A,600,0.10253997503855422
mZ944,3,ca_dist_1776_1781_A,pocket_distance_A,600,-0.03784461596581282
mZ944,3,ca_dist_1776_1781_A,filter_distance_A,600,-0.043389086647511454
mZ944,3,ca_dist_384_960_A,pocket_distance_A,600,-0.01329939171179943
mZ944,3,ca_dist_384_960_A,filter_distance_A,600,0.11187695386737286
mZ944,3,ca_dist_925_1459_A,pocket_distance_A,600,0.00980606292318699
mZ944,3,ca_dist_925_1459_A,filter_distance_A,600,-0.07111869188550247
mZ944,3,ca_dist_956_1464_A,pocket_distance_A,600,-0.027168068595869135
mZ944,3,ca_dist_956_1464_A,filter_distance_A,600,-0.11190443797003595
mZ944,3,ca_dist_384_918_A,pocket_distance_A,600,-0.018662500429298186
mZ944,3,ca_dist_384_918_A,filter_distance_A,600,0.1263700828092993
mZ944,3,ca_dist_926_1460_A,pocket_distance_A,600,0.07416720868486952
mZ944,3,ca_dist_926_1460_A,filter_distance_A,600,0.019039165089289715
mZ944,3,ca_dist_1778_1465_A,pocket_distance_A,600,-0.02771232005535229
mZ944,3,ca_dist_1778_1465_A,filter_distance_A,600,0.14295915604299048
mZ944,3,ca_dist_353_355_A,pocket_distance_A,600,-0.04963999810778233
mZ944,3,ca_dist_353_355_A,filter_distance_A,600,-0.052456522589971306
mZ944,3,ca_dist_925_1461_A,pocket_distance_A,600,-0.019710869935700988
mZ944,3,ca_dist_925_1461_A,filter_distance_A,600,0.10532891607794997
mZ944,3,ca_dist_1777_1782_A,pocket_distance_A,600,-0.03768130079191583
mZ944,3,ca_dist_1777_1782_A,filter_distance_A,600,-0.0775467930245087
mZ944,3,ca_dist_1820_1463_A,pocket_distance_A,600,0.014382331583479697
mZ944,3,ca_dist_1820_1463_A,filter_distance_A,600,-0.013480025181711854
mZ944,3,ca_dist_351_356_A,pocket_distance_A,600,-0.11110975004255143
mZ944,3,ca_dist_351_356_A,filter_distance_A,600,0.0421960116849185
mZ944,3,ca_dist_353_926_A,pocket_distance_A,600,-0.06255183085865508
mZ944,3,ca_dist_353_926_A,filter_distance_A,600,-0.009788744627171553
mZ944,3,ca_dist_357_1781_A,pocket_distance_A,600,0.03227136975975967
mZ944,3,ca_dist_357_1781_A,filter_distance_A,600,-0.03743589755717322
mZ944,3,ca_dist_923_1816_A,pocket_distance_A,600,0.004095926017845488
mZ944,3,ca_dist_923_1816_A,filter_distance_A,600,0.04250986026930528
mZ944,3,ca_dist_384_917_A,pocket_distance_A,600,-0.0066058537451455365
mZ944,3,ca_dist_384_917_A,filter_distance_A,600,0.12190315451887841
mZ944,3,ca_dist_1776_1465_A,pocket_distance_A,600,-0.022947503828115248
mZ944,3,ca_dist_1776_1465_A,filter_distance_A,600,0.13764816778042152
mZ944,3,ca_dist_926_1459_A,pocket_distance_A,600,0.03706691520057668
mZ944,3,ca_dist_926_1459_A,filter_distance_A,600,0.013360022304541806
mZ944,3,ca_dist_926_1461_A,pocket_distance_A,600,0.0005044491806866796
mZ944,3,ca_dist_926_1461_A,filter_distance_A,600,0.13417609777965214
mZ944,3,ca_dist_1776_1464_A,pocket_distance_A,600,-0.02877029244099883
mZ944,3,ca_dist_1776_1464_A,filter_distance_A,600,0.13168709770642809
