system,feature,descriptor,run1_rho,run2_rho,run3_rho,sign_consistent,mean_rho,minimum_absolute_rho
Z944,ca_dist_351_356_A,filter_distance_A,0.23263822718665123,0.3378046885558877,0.22163743314942538,True,0.2640267829639881,0.22163743314942538
Z944,ca_dist_351_356_A,pocket_distance_A,-0.18327013226846167,-0.2905485886636755,-0.23725754275404648,True,-0.23702542122872786,0.18327013226846167
Z944,ca_dist_926_1466_A,filter_distance_A,-0.1942297376285859,-0.37423430370844707,-0.17742988316995698,True,-0.24863130816899667,0.17742988316995698
Z944,ca_dist_926_1466_A,pocket_distance_A,0.15520530072077504,0.34673609474685346,0.23901096227720003,True,0.24698411924827615,0.15520530072077504
Z944,ca_dist_351_357_A,filter_distance_A,0.25836173013439573,0.15396783058126073,0.23827849438453955,True,0.21686935170006535,0.15396783058126073
Z944,ca_dist_351_357_A,pocket_distance_A,-0.185164282285491,-0.14940758879529206,-0.232108147769786,True,-0.18889333961685636,0.14940758879529206
Z944,ca_dist_925_1461_A,pocket_distance_A,-0.1325213341190291,-0.13694536947328656,-0.26948235510616236,True,-0.17964968623282598,0.1325213341190291
Z944,ca_dist_925_1461_A,filter_distance_A,0.13199972783232672,0.12961280956302682,0.258358247336707,True,0.17332359491068683,0.12961280956302682
Z944,ca_dist_353_355_A,filter_distance_A,0.12836465223335458,0.21859587015916584,0.21356750456675322,True,0.1868426756530912,0.12836465223335458
mZ944,ca_dist_351_356_A,pocket_distance_A,-0.13719237579171997,-0.1851971554895678,-0.11110975004255143,True,-0.14449976044127974,0.11110975004255143
mZ944,ca_dist_1781_1816_A,pocket_distance_A,-0.3404823672919068,-0.12411026041623362,-0.09070197598076853,True,-0.1850982012296363,0.09070197598076853
mZ944,ca_dist_357_1462_A,filter_distance_A,0.3502868810738493,0.08248648099411193,0.1000432926619352,True,0.17760555157663216,0.08248648099411193
Z944,ca_dist_925_1465_A,pocket_distance_A,0.08125192179987473,0.2971504025768633,0.12338587218748856,True,0.16726273218807552,0.08125192179987473
Z944,ca_dist_926_1463_A,filter_distance_A,-0.13006838384977001,-0.11922746122780539,-0.08022867851702511,True,-0.10984150786486684,0.08022867851702511
Z944,ca_dist_925_1465_A,filter_distance_A,-0.1367198649697672,-0.31823276234883063,-0.07610500348950289,True,-0.17701921026936693,0.07610500348950289
Z944,ca_dist_926_1463_A,pocket_distance_A,0.1107697341060525,0.07511686721532203,0.13319398814003114,True,0.10636019648713523,0.07511686721532203
Z944,ca_dist_353_355_A,pocket_distance_A,-0.07248634252427666,-0.20755494319198728,-0.2579554562224971,True,-0.17933224731292033,0.07248634252427666
mZ944,ca_dist_354_926_A,filter_distance_A,0.08161895852647194,0.16438870956968404,0.07150413159032018,True,0.10583726656215871,0.07150413159032018
Z944,ca_dist_353_1461_A,pocket_distance_A,-0.06783084295097212,-0.21667502940340422,-0.11670233446059887,True,-0.13373606893832507,0.06783084295097212
mZ944,ca_dist_1778_1782_A,filter_distance_A,-0.07042199530210486,-0.06184989349931439,-0.06593009066322617,True,-0.06606732648821513,0.06184989349931439
mZ944,ca_dist_357_1460_A,filter_distance_A,0.30912683003875924,0.06084284948703638,0.1755246388146222,True,0.18183143944680594,0.06084284948703638
mZ944,ca_dist_355_387_A,pocket_distance_A,-0.13163656971840662,-0.3464234051306513,-0.05888200777221804,True,-0.17898066087375866,0.05888200777221804
Z944,ca_dist_353_1461_A,filter_distance_A,0.05705173124378721,0.25150215580382024,0.13491296975141404,True,0.14782228559967384,0.05705173124378721
Z944,ca_dist_353_926_A,pocket_distance_A,0.202677912955933,0.07745592991883689,0.05625307056904902,True,0.11212897114793963,0.05625307056904902
mZ944,ca_dist_353_1461_A,pocket_distance_A,-0.1646139763611523,-0.23885811093034104,-0.05403169280633501,True,-0.15250126003260944,0.05403169280633501
mZ944,ca_dist_357_1461_A,pocket_distance_A,-0.3177077591124736,-0.2774442016272774,-0.050971751892005576,True,-0.2153745708772522,0.050971751892005576
mZ944,ca_dist_351_357_A,pocket_distance_A,-0.16780340817762626,-0.3525158028566471,-0.05050982028700497,True,-0.19027634377375946,0.05050982028700497
Z944,ca_dist_925_1459_A,filter_distance_A,-0.04864954602615116,-0.10481029437203461,-0.11806892351711318,True,-0.09050958797176632,0.04864954602615116
Z944,ca_dist_918_1462_A,pocket_distance_A,-0.043061141873303926,-0.38789840615124843,-0.2749957323271373,True,-0.23531842678389658,0.043061141873303926
mZ944,ca_dist_357_1460_A,pocket_distance_A,-0.3911934970587607,-0.1329171603107978,-0.04178239249652692,True,-0.1886310166220285,0.04178239249652692
Z944,ca_dist_356_1781_A,filter_distance_A,0.0394947733254952,0.18708875713370107,0.23865936444337235,True,0.15508096496752288,0.0394947733254952
mZ944,ca_dist_355_388_A,pocket_distance_A,-0.0939491407030455,-0.18151713348310639,-0.036824922643634427,True,-0.10409706560992876,0.036824922643634427
mZ944,ca_dist_387_955_A,filter_distance_A,-0.06095437689201205,-0.06618152053252864,-0.03506703281462604,True,-0.05406764341305557,0.03506703281462604
Z944,ca_dist_1778_1464_A,pocket_distance_A,0.07731906536099095,0.030523877531035883,0.3119890033779275,True,0.1399439820899848,0.030523877531035883
mZ944,ca_dist_354_1460_A,filter_distance_A,0.30324445765296537,0.11514547594155168,0.029018742106398078,True,0.14913622523363837,0.029018742106398078
Z944,ca_dist_956_1464_A,pocket_distance_A,0.11962084166190738,0.2464047488209828,0.0216390618610906,True,0.12922155078132694,0.0216390618610906
mZ944,ca_dist_926_1460_A,filter_distance_A,0.25672670438197887,0.14500407262125659,0.019039165089289715,True,0.14025664736417506,0.019039165089289715
mZ944,ca_dist_925_1461_A,filter_distance_A,0.01835534408144892,0.11129816515598893,0.10532891607794997,True,0.07832747510512927,0.01835534408144892
mZ944,ca_dist_1816_1463_A,pocket_distance_A,-0.20910352101990926,-0.44179873819220444,-0.01815811747536491,True,-0.22302012556249284,0.01815811747536491
Z944,ca_dist_353_926_A,filter_distance_A,-0.19633538812780557,-0.07613993810192408,-0.017810360793234704,True,-0.09676189567432146,0.017810360793234704
mZ944,ca_dist_357_1461_A,filter_distance_A,0.24942682258548696,0.015785212900860022,0.18396960950182747,True,0.14972721499605815,0.015785212900860022
Z944,ca_dist_354_1460_A,filter_distance_A,0.014867012737153271,0.01734799871433697,0.17703013848640373,True,0.06974838331263132,0.014867012737153271
Z944,ca_dist_918_1462_A,filter_distance_A,0.014131272362763004,0.44113643754477666,0.21599875491100798,True,0.22375548827284922,0.014131272362763004
mZ944,ca_dist_384_948_A,pocket_distance_A,0.14819553726242354,0.3849414147250872,0.013399327882687733,True,0.18217875995673283,0.013399327882687733
mZ944,ca_dist_926_1459_A,filter_distance_A,0.2507317201374554,0.08286357612800059,0.013360022304541806,True,0.11565177285666595,0.013360022304541806
mZ944,ca_dist_357_1462_A,pocket_distance_A,-0.48393482646914465,-0.31055678360878874,-0.011874986699562447,True,-0.2687888655924986,0.011874986699562447
Z944,ca_dist_354_1460_A,pocket_distance_A,-0.010216282384822606,-0.03409628106321402,-0.2132211386464445,True,-0.08584456736482704,0.010216282384822606
mZ944,ca_dist_1816_1463_A,filter_distance_A,0.1125163303175872,0.009895667720544095,0.035647444081468374,True,0.05268648070653322,0.009895667720544095
mZ944,ca_dist_357_1780_A,pocket_distance_A,-0.2204092413887697,-0.029118115349882435,-0.008165361334328934,True,-0.08589757269099368,0.008165361334328934
mZ944,ca_dist_926_1461_A,filter_distance_A,0.08797186181384947,0.007971515627112194,0.13417609777965214,True,0.07670649174020461,0.007971515627112194
Z944,ca_dist_357_1462_A,pocket_distance_A,0.007688211941729092,0.010506377727069263,0.21305557176293177,True,0.07708338714391004,0.007688211941729092
Z944,ca_dist_357_1781_A,filter_distance_A,0.05348718381147761,0.10114742509470509,0.006768970238782309,True,0.05380119304832167,0.006768970238782309
mZ944,ca_dist_384_875_A,pocket_distance_A,0.2220451380481709,0.4861125821108881,0.006649960762913337,True,0.23826922697399078,0.006649960762913337
mZ944,ca_dist_1820_1462_A,filter_distance_A,0.17623475333759278,0.017465186954487302,0.0048627324821464875,True,0.06618755759140886,0.0048627324821464875
Z944,ca_dist_925_1459_A,pocket_distance_A,0.00440049807516952,0.06455283909941362,0.16332510790999802,True,0.07742614836152706,0.00440049807516952
mZ944,ca_dist_353_355_A,pocket_distance_A,-0.2504798564464719,-0.0037157182265467833,-0.04963999810778233,True,-0.101278524260267,0.0037157182265467833
mZ944,ca_dist_355_387_A,filter_distance_A,0.18459400327823106,0.0033534578854208627,0.012241452439529591,True,0.06672963786772716,0.0033534578854208627
mZ944,ca_dist_384_926_A,filter_distance_A,0.0031352985927001384,0.022906708148017704,0.12252661317543406,True,0.04952287330538396,0.0031352985927001384
Z944,ca_dist_1777_1782_A,filter_distance_A,0.0017001760412548137,0.4566257493114227,0.024884239004694116,True,0.16107005478579053,0.0017001760412548137
mZ944,ca_dist_384_1466_A,filter_distance_A,0.0012359248718437784,0.07694449381566598,0.1258486133529875,True,0.06800967734683243,0.0012359248718437784
Z944,ca_dist_384_917_A,filter_distance_A,-0.2736248420713339,0.31239447667565023,0.19960001736660307,False,0.07945655065697313,0.19960001736660307
Z944,ca_dist_384_921_A,filter_distance_A,-0.2756194641805772,0.4497786315036223,0.1962878187485536,False,0.1234823286905329,0.1962878187485536
Z944,ca_dist_355_924_A,filter_distance_A,0.23240158699295374,-0.26725452023499136,0.1937111344538212,False,0.0529527337372612,0.1937111344538212
Z944,ca_dist_1778_1465_A,filter_distance_A,-0.18928715744915503,0.21568652888207962,-0.26167130690255075,False,-0.07842397848987538,0.18928715744915503
Z944,ca_dist_1777_1465_A,filter_distance_A,-0.18153611208174195,0.28343788837732287,-0.23407011533941222,False,-0.04405611301461043,0.18153611208174195
Z944,ca_dist_384_918_A,pocket_distance_A,0.17638675849527438,-0.34840639969448356,-0.22631966461516625,False,-0.13277976860479182,0.17638675849527438
Z944,ca_dist_384_918_A,filter_distance_A,-0.28279544819262703,0.38088664863448296,0.17465014764928452,False,0.09091378269704682,0.17465014764928452
Z944,ca_dist_1816_1463_A,filter_distance_A,0.20552496657593222,-0.3052900679308711,0.16652386009946457,False,0.022252919581508563,0.16652386009946457
Z944,ca_dist_384_919_A,pocket_distance_A,0.16305176348544806,-0.1906232127361781,-0.17267069621675932,False,-0.06674738182249645,0.16305176348544806
Z944,ca_dist_384_916_A,filter_distance_A,-0.22077446732670872,0.36680571500574993,0.1525881617409489,False,0.0995398031399967,0.1525881617409489
Z944,ca_dist_384_917_A,pocket_distance_A,0.14266156035957359,-0.28112723695101877,-0.26559371882647487,False,-0.13468646513930668,0.14266156035957359
Z944,ca_dist_925_1463_A,filter_distance_A,0.1426452329561218,-0.3340923478937646,0.16062901677887623,False,-0.010272699386255515,0.1426452329561218
mZ944,ca_dist_1776_1465_A,filter_distance_A,-0.311862237087732,-0.173164350436641,0.13764816778042152,False,-0.11579280658131715,0.13764816778042152
Z944,ca_dist_384_920_A,pocket_distance_A,0.14085257750956845,-0.3868810307654392,-0.13426487474259166,False,-0.12676444266615414,0.13426487474259166
Z944,ca_dist_926_1460_A,pocket_distance_A,0.1323193051543302,-0.14350916923001986,0.1508725576939897,False,0.04656089787276668,0.1323193051543302
Z944,ca_dist_384_916_A,pocket_distance_A,0.13193252510421777,-0.33718487237076933,-0.19062344452981506,False,-0.13195859726545553,0.13193252510421777
mZ944,ca_dist_1776_1464_A,filter_distance_A,-0.2920967725335283,-0.15392276327556856,0.13168709770642809,False,-0.10477747936755626,0.13168709770642809
Z944,ca_dist_925_1463_A,pocket_distance_A,-0.13034423980558732,0.29056236382838374,-0.16810164627258775,False,-0.0026278407499304435,0.13034423980558732
Z944,ca_dist_384_919_A,filter_distance_A,-0.24206311248779017,0.20738229004586017,0.12945906415499686,False,0.031592747237688956,0.12945906415499686
mZ944,ca_dist_384_1465_A,filter_distance_A,-0.20858413476844953,0.12773273137398602,0.1361993913229315,False,0.018449329309489327,0.12773273137398602
Z944,ca_dist_384_921_A,pocket_distance_A,0.12410678468351083,-0.40831863084267145,-0.2340707113801929,False,-0.17276085251311782,0.12410678468351083
Z944,ca_dist_384_876_A,filter_distance_A,-0.12266814860122296,0.3457115668716765,0.25985397856236125,False,0.16096579894427157,0.12266814860122296
Z944,ca_dist_355_924_A,pocket_distance_A,-0.12183474355748053,0.24930150701492204,-0.20938157639103017,False,-0.027304937644529553,0.12183474355748053
Z944,ca_dist_1816_1463_A,pocket_distance_A,-0.11084701233784025,0.31241149695127535,-0.13808913861796943,False,0.021158448665155222,0.11084701233784025
Z944,ca_dist_384_1465_A,filter_distance_A,-0.14721011725633645,0.26877124534147506,0.10439097968285019,False,0.07531736925599626,0.10439097968285019
Z944,ca_dist_923_1816_A,filter_distance_A,0.2351312131549304,-0.3085372318770767,0.10253239207528933,False,0.009708791117714341,0.10253239207528933
Z944,ca_dist_926_1461_A,filter_distance_A,-0.10212159228362461,0.13796883772040902,0.1387339222891215,False,0.05819372257530197,0.10212159228362461
Z944,ca_dist_384_960_A,pocket_distance_A,0.10022292214348164,-0.11719158460137906,0.2301879692815584,False,0.07107310227455366,0.10022292214348164
Z944,ca_dist_384_920_A,filter_distance_A,-0.26039124132490254,0.4158900706524634,0.10004524635116065,False,0.08518135855957383,0.10004524635116065
mZ944,ca_dist_956_1464_A,filter_distance_A,-0.2708703538357571,0.09988961348065864,-0.11190443797003595,False,-0.09429505944171146,0.09988961348065864
Z944,ca_dist_384_876_A,pocket_distance_A,0.09824618830793863,-0.32989343927437415,-0.2864787228732949,False,-0.17270865794657678,0.09824618830793863
Z944,ca_dist_384_872_A,filter_distance_A,-0.10164889381441997,0.30218794057462256,0.09817506906175388,False,0.09957137194065217,0.09817506906175388
Z944,ca_dist_384_872_A,pocket_distance_A,0.09815271553656345,-0.28422823845245937,-0.10606055613619286,False,-0.09737869301736292,0.09815271553656345
mZ944,ca_dist_384_1463_A,filter_distance_A,-0.21264941175740207,0.09695053639129352,0.12656657758665224,False,0.003622567406847896,0.09695053639129352
mZ944,ca_dist_354_926_A,pocket_distance_A,-0.13706709551341467,0.20235061311577726,-0.09139212497800311,False,-0.008702869125213508,0.09139212497800311
Z944,ca_dist_354_1780_A,filter_distance_A,0.09039602621176066,-0.2527711928525689,0.13420493953076004,False,-0.009390075703349396,0.09039602621176066
Z944,ca_dist_1776_1782_A,filter_distance_A,0.09037599832355127,0.3338979061457672,-0.11315516332146808,False,0.10370624704928345,0.09037599832355127
Z944,ca_dist_1778_1782_A,pocket_distance_A,0.09027800260592053,-0.3322564760626217,0.22907781021422863,False,-0.004300221080824183,0.09027800260592053
Z944,ca_dist_1777_1464_A,filter_distance_A,-0.18039016131864805,0.09002391336603036,-0.25052805960136126,False,-0.11363143585132633,0.09002391336603036
Z944,ca_dist_384_1463_A,filter_distance_A,-0.14707606096160886,0.08906912226218897,0.12170887833776453,False,0.021233979879448212,0.08906912226218897
Z944,ca_dist_926_1460_A,filter_distance_A,-0.18154025099345236,0.08775140854968762,-0.10526417942649649,False,-0.06635100729008708,0.08775140854968762
mZ944,ca_dist_384_875_A,filter_distance_A,-0.09553960649976642,0.0834359077309275,0.11098262778939032,False,0.03295964300685047,0.0834359077309275
Z944,ca_dist_384_1465_A,pocket_distance_A,0.14531485372546263,-0.2341375010610019,-0.08333319003639619,False,-0.057385279123978485,0.08333319003639619
Z944,ca_dist_355_387_A,pocket_distance_A,0.08290290372162366,0.16585599640475082,-0.17235684763237255,False,0.025467350831333974,0.08290290372162366
mZ944,ca_dist_387_955_A,pocket_distance_A,0.08386414835486777,-0.23146826487838587,0.08062676753174318,False,-0.022325782997258306,0.08062676753174318
Z944,ca_dist_1776_1465_A,filter_distance_A,-0.08000483002693169,0.22929268291565152,-0.23281617799043997,False,-0.027842775033906714,0.08000483002693169
mZ944,ca_dist_1776_1782_A,filter_distance_A,0.2096095582427963,-0.13231496044208518,-0.0794021355211527,False,-0.0007025125734805246,0.0794021355211527
Z944,ca_dist_926_1461_A,pocket_distance_A,0.07829201660891441,-0.1293737972099878,-0.11627351623230081,False,-0.055785098944458066,0.07829201660891441
Z944,ca_dist_923_1816_A,pocket_distance_A,-0.16267331681762764,0.3119487706252339,-0.07816717213703103,False,0.02370276055685841,0.07816717213703103
mZ944,ca_dist_354_1780_A,filter_distance_A,0.0763305900842087,-0.09825242190973106,-0.12627332552257442,False,-0.04939838578269893,0.0763305900842087
Z944,ca_dist_384_1466_A,pocket_distance_A,0.12542990356795172,-0.2714743565084578,0.07522716787311821,False,-0.023605761689129288,0.07522716787311821
mZ944,ca_dist_926_1460_A,pocket_distance_A,-0.3916514714563622,0.45368054624736753,0.07416720868486952,False,0.045398761158624956,0.07416720868486952
mZ944,ca_dist_384_917_A,filter_distance_A,-0.1878420803974339,-0.07134700861786657,0.12190315451887841,False,-0.045761978165474025,0.07134700861786657
mZ944,ca_dist_384_876_A,filter_distance_A,-0.07125991753165034,0.09925641949135244,0.11319844250481831,False,0.04706498148817347,0.07125991753165034
mZ944,ca_dist_925_1459_A,filter_distance_A,0.2264484200342543,0.0897038725802002,-0.07111869188550247,False,0.08167786690965068,0.07111869188550247
Z944,ca_dist_384_950_A,filter_distance_A,0.07088514085305586,0.2568690394462631,-0.1468844488306877,False,0.06028991048954375,0.07088514085305586
mZ944,ca_dist_384_872_A,filter_distance_A,-0.07648720223505165,0.06967306119879915,0.11546545050062842,False,0.03621710315479198,0.06967306119879915
Z944,ca_dist_1776_1781_A,filter_distance_A,0.06827684869343516,0.48083851526334237,-0.07686310113573111,False,0.1574174209403488,0.06827684869343516
Z944,ca_dist_1776_1464_A,filter_distance_A,-0.08038683213325029,0.06698084433275156,-0.27332118886728923,False,-0.09557572555592932,0.06698084433275156
mZ944,ca_dist_1781_1820_A,filter_distance_A,0.3914733211730225,0.08344855704082786,-0.06637301518999951,False,0.13618295434128364,0.06637301518999951
Z944,ca_dist_1781_1816_A,filter_distance_A,0.20637530459793807,-0.06531385072279168,0.20731947397025546,False,0.11612697594846728,0.06531385072279168
Z944,ca_dist_384_1463_A,pocket_distance_A,0.18909330536852045,-0.06471628672681741,-0.111462473731187,False,0.004304848303505346,0.06471628672681741
mZ944,ca_dist_356_925_A,filter_distance_A,-0.06431751033061746,0.15519259504535804,0.12045272239255321,False,0.07044260236909793,0.06431751033061746
mZ944,ca_dist_353_926_A,pocket_distance_A,-0.13474764005155232,0.4463964643206004,-0.06255183085865508,False,0.08303233113679766,0.06255183085865508
mZ944,ca_dist_1777_1465_A,filter_distance_A,-0.39567693241369517,0.0625428902469454,0.1424705350563676,False,-0.0635545023701274,0.0625428902469454
mZ944,ca_dist_1777_1464_A,filter_distance_A,-0.3980324758296815,0.06227308245357301,0.14350195051389872,False,-0.06408581428740326,0.06227308245357301
Z944,ca_dist_1778_1465_A,pocket_distance_A,0.06196168433021336,-0.13993007679574782,0.28649428616034517,False,0.06950863123160357,0.06196168433021336
Z944,ca_dist_1776_1781_A,pocket_distance_A,0.06104196973297607,-0.42901594827034145,0.0845205694981963,False,-0.09448446967972302,0.06104196973297607
Z944,ca_dist_356_925_A,filter_distance_A,0.2992815668730931,-0.4321824480308997,0.06086331355383854,False,-0.024012522534656033,0.06086331355383854
Z944,ca_dist_356_925_A,pocket_distance_A,-0.16026535822641494,0.37937588393580574,-0.06064814283202537,False,0.05282079429245514,0.06064814283202537
Z944,ca_dist_384_960_A,filter_distance_A,-0.07510710857697703,0.06051168260663414,-0.1789053490090693,False,-0.06450025832647073,0.06051168260663414
mZ944,ca_dist_1777_1782_A,filter_distance_A,0.05878961252036578,-0.05924353961905652,-0.0775467930245087,False,-0.02600024004106648,0.05878961252036578
Z944,ca_dist_355_388_A,pocket_distance_A,0.05868720589872725,0.27901586182571064,-0.10873830245662143,False,0.0763215884226055,0.05868720589872725
mZ944,ca_dist_384_920_A,filter_distance_A,-0.16847453515164199,-0.058599484442191874,0.12433115975221636,False,-0.034247619947205835,0.058599484442191874
Z944,ca_dist_357_1780_A,filter_distance_A,-0.05855304507742606,0.17898386082523102,-0.13378949910664983,False,-0.004452894452948293,0.05855304507742606
Z944,ca_dist_384_948_A,pocket_distance_A,-0.05573557744678482,0.19521716393962998,0.1072013781903492,False,0.08222765489439812,0.05573557744678482
mZ944,ca_dist_925_1463_A,pocket_distance_A,0.11839484015349876,-0.12956820584460849,-0.05301531082182687,False,-0.021396225504312204,0.05301531082182687
mZ944,ca_dist_384_950_A,filter_distance_A,-0.11147354561686988,-0.052902857794545004,0.11339261934580207,False,-0.016994594688537604,0.052902857794545004
mZ944,ca_dist_356_1781_A,filter_distance_A,0.09705408877647949,-0.10257868457591951,-0.05266566667722463,False,-0.019396754158888217,0.05266566667722463
mZ944,ca_dist_926_1466_A,filter_distance_A,0.3034226810583943,0.07065176016061979,-0.052510298713736255,False,0.1071880475017593,0.052510298713736255
mZ944,ca_dist_354_1461_A,pocket_distance_A,-0.24257337444622257,0.3078372482069615,-0.05164587401491613,False,0.004539333248607604,0.05164587401491613
mZ944,ca_dist_357_1782_A,filter_distance_A,0.08627685056084544,-0.05131950857413577,-0.0600750496214343,False,-0.008372569211574877,0.05131950857413577
Z944,ca_dist_1776_1782_A,pocket_distance_A,0.05109346684102941,-0.28534687454422497,0.10705276535570814,False,-0.042400214115829137,0.05109346684102941
Z944,ca_dist_1777_1465_A,pocket_distance_A,0.05027504536613266,-0.2258689584448678,0.23229431117360771,False,0.018900132698290866,0.05027504536613266
Z944,ca_dist_387_955_A,pocket_distance_A,0.047067720967530875,-0.3143057807789216,0.049856294684403404,False,-0.07246058837566244,0.047067720967530875
Z944,ca_dist_357_1782_A,pocket_distance_A,0.04673480234496571,-0.09923280965376352,0.09368529254140827,False,0.01372909507753682,0.04673480234496571
Z944,ca_dist_357_1462_A,filter_distance_A,0.05267963842375203,-0.04626571190841556,-0.1892013574539472,False,-0.060929143646203575,0.04626571190841556
Z944,ca_dist_355_388_A,filter_distance_A,0.04527341629942322,-0.26094622329289496,0.07611076521704913,False,-0.04652068059214087,0.04527341629942322
Z944,ca_dist_1820_1463_A,pocket_distance_A,0.04451448374502773,0.3338520110056575,-0.19106564056230094,False,0.062433618062794745,0.04451448374502773
Z944,ca_dist_384_948_A,filter_distance_A,0.044149132322464306,-0.1920000007127168,-0.0889346488393999,False,-0.07892850574321747,0.044149132322464306
mZ944,ca_dist_356_1782_A,filter_distance_A,0.06868806712406875,-0.0708556723343541,-0.04385969395720812,False,-0.015342433055831155,0.04385969395720812
mZ944,ca_dist_1776_1781_A,filter_distance_A,0.2379595520110218,-0.09109337609339267,-0.043389086647511454,False,0.034492363090039224,0.043389086647511454
mZ944,ca_dist_356_1781_A,pocket_distance_A,-0.2070467890282061,0.25977722175516477,-0.0431937508383431,False,0.0031788939628718516,0.0431937508383431
mZ944,ca_dist_923_1816_A,filter_distance_A,0.1049876414465133,-0.04547109020768442,0.04250986026930528,False,0.034008803836044724,0.04250986026930528
Z944,ca_dist_384_950_A,pocket_distance_A,-0.04212324747428094,-0.24363070880110319,0.18542139927659748,False,-0.03344418566626222,0.04212324747428094
mZ944,ca_dist_1778_1782_A,pocket_distance_A,0.21630477744811352,0.14770009752562496,-0.042008556859405355,False,0.10733210603811104,0.042008556859405355
Z944,ca_dist_355_387_A,filter_distance_A,0.04192678673535601,-0.1463794367225971,0.09363800663947701,False,-0.0036048811159213553,0.04192678673535601
mZ944,ca_dist_1781_1816_A,filter_distance_A,0.34578557341235655,0.06892483133882828,-0.04187997761766934,False,0.12427680904450517,0.04187997761766934
Z944,ca_dist_384_926_A,filter_distance_A,-0.11199522864077713,0.13025123546585202,0.04169662885086731,False,0.01998421189198073,0.04169662885086731
mZ944,ca_dist_384_948_A,filter_distance_A,-0.041645137588862756,0.07672270041851229,0.10764552791206053,False,0.04757436358057002,0.041645137588862756
mZ944,ca_dist_1781_1820_A,pocket_distance_A,-0.376088175308453,0.27563773447464635,-0.0401265912078925,False,-0.04685901068056639,0.0401265912078925
mZ944,ca_dist_356_1782_A,pocket_distance_A,-0.2306262065860409,0.07955965585412675,-0.040070828281525396,False,-0.06371245967114651,0.040070828281525396
Z944,ca_dist_1777_1782_A,pocket_distance_A,0.10318135619096251,-0.40599566124023406,-0.038490922852293226,False,-0.11376840930052158,0.038490922852293226
Z944,ca_dist_384_1466_A,filter_distance_A,-0.14650464114419467,0.31110848557802995,-0.037996540138124126,False,0.04220243476523705,0.037996540138124126
mZ944,ca_dist_1776_1781_A,pocket_distance_A,-0.19189735595725846,0.431588162259219,-0.03784461596581282,False,0.06728206344538257,0.03784461596581282
mZ944,ca_dist_1777_1782_A,pocket_distance_A,0.047465447683191025,0.3312715848993577,-0.03768130079191583,False,0.11368524393021097,0.03768130079191583
mZ944,ca_dist_357_1781_A,filter_distance_A,0.11217202247620758,-0.08135420219114485,-0.03743589755717322,False,-0.002206025757370162,0.03743589755717322
Z944,ca_dist_926_1459_A,pocket_distance_A,0.09704515347407544,-0.037422387299478575,0.22851402186249098,False,0.09604559601236262,0.037422387299478575
mZ944,ca_dist_926_1459_A,pocket_distance_A,-0.4395916158388079,0.5193863600101875,0.03706691520057668,False,0.03895388645731874,0.03706691520057668
Z944,ca_dist_354_926_A,pocket_distance_A,0.036688104431678394,-0.15259766528006255,0.1528590953891292,False,0.01231651151358168,0.036688104431678394
Z944,ca_dist_354_926_A,filter_distance_A,0.03667042441900523,0.17471819563840826,-0.0821242868797394,False,0.0430881110592247,0.03667042441900523
mZ944,ca_dist_353_1461_A,filter_distance_A,0.10415860816486949,-0.07995668524079035,0.03654547885764159,False,0.020249133927240245,0.03654547885764159
mZ944,ca_dist_1777_1464_A,pocket_distance_A,0.4002865124728238,-0.09993120388179705,-0.03505646964745793,False,0.08843294631452296,0.03505646964745793
Z944,ca_dist_1777_1464_A,pocket_distance_A,0.0747047444462875,-0.033985549931520684,0.2780185862595599,False,0.10624592692477557,0.033985549931520684
mZ944,ca_dist_1778_1464_A,filter_distance_A,-0.3711187693745964,-0.033826373929711516,0.13480571552427445,False,-0.09004647592667782,0.033826373929711516
Z944,ca_dist_354_1780_A,pocket_distance_A,-0.03285233189649635,0.2247935684230757,-0.09447100674380642,False,0.03249007659425764,0.03285233189649635
Z944,ca_dist_356_1781_A,pocket_distance_A,0.03273477565029728,-0.16572844367769257,-0.21337273168498877,False,-0.11545546657079468,0.03273477565029728
mZ944,ca_dist_357_1781_A,pocket_distance_A,-0.21192706220951318,-0.09204114716137313,0.03227136975975967,False,-0.09056561320370887,0.03227136975975967
mZ944,ca_dist_925_1465_A,filter_distance_A,0.03225068633118576,0.07802584424526453,-0.06607943199215467,False,0.014732366194765206,0.03225068633118576
mZ944,ca_dist_384_1466_A,pocket_distance_A,0.1350912527948246,0.30819222360521287,-0.032179711933047,False,0.1370345881556635,0.032179711933047
mZ944,ca_dist_926_1466_A,pocket_distance_A,-0.4844958569118181,0.4165341589427048,0.031757119019569034,False,-0.012068192983181432,0.031757119019569034
Z944,ca_dist_356_1782_A,pocket_distance_A,0.03140229559974837,-0.22225503073830466,-0.15918341920554963,False,-0.11667871811470197,0.03140229559974837
mZ944,ca_dist_926_1463_A,filter_distance_A,-0.03138418057854389,0.06030382994107222,0.05413729136463946,False,0.027685646909055932,0.03138418057854389
mZ944,ca_dist_1778_1464_A,pocket_distance_A,0.3518598657794912,-0.17195061272698564,-0.029456997647056355,False,0.05015075180181639,0.029456997647056355
Z944,ca_dist_1781_1816_A,pocket_distance_A,-0.029197643758519343,0.06005836047957621,-0.2460068915999016,False,-0.07171539162628159,0.029197643758519343
mZ944,ca_dist_918_1462_A,filter_distance_A,-0.36635684887181086,-0.029130632206276,0.10634993393519646,False,-0.09637918238096348,0.029130632206276
mZ944,ca_dist_384_919_A,filter_distance_A,-0.03349019456015241,0.028782809297392395,0.12904008059957947,False,0.04144423177893982,0.028782809297392395
mZ944,ca_dist_1776_1464_A,pocket_distance_A,0.3189952374502205,-0.10936546981136777,-0.02877029244099883,False,0.06028649173261797,0.02877029244099883
mZ944,ca_dist_355_924_A,filter_distance_A,-0.02865405134238778,0.20104236982901286,0.10253997503855422,False,0.09164276450839311,0.02865405134238778
mZ944,ca_dist_384_1465_A,pocket_distance_A,0.41099942447028776,0.2932050430828843,-0.02761788070499661,False,0.22552886228272515,0.02761788070499661
mZ944,ca_dist_956_1464_A,pocket_distance_A,0.47668143090439047,0.5369458538615235,-0.027168068595869135,False,0.3288197387233483,0.027168068595869135
mZ944,ca_dist_1776_1782_A,pocket_distance_A,-0.11965487391643936,0.4012171691884188,-0.02684514694626585,False,0.08490571610857121,0.02684514694626585
Z944,ca_dist_1778_1464_A,filter_distance_A,-0.17644455622967187,0.026834517552344332,-0.2753243494775334,False,-0.1416447960516203,0.026834517552344332
mZ944,ca_dist_384_916_A,filter_distance_A,-0.06662285896892144,0.026824285518943242,0.11830121385468159,False,0.026167546801567798,0.026824285518943242
mZ944,ca_dist_1777_1465_A,pocket_distance_A,0.4691020337911283,0.060417739956929,-0.026449640774930564,False,0.16769004432437554,0.026449640774930564
mZ944,ca_dist_925_1465_A,pocket_distance_A,-0.17409452139375964,0.4080593199897138,-0.026433812580866748,False,0.06917699533836247,0.026433812580866748
Z944,ca_dist_357_1780_A,pocket_distance_A,0.02583456844488019,-0.17356763825150137,0.15204470500250664,False,0.0014372117319618183,0.02583456844488019
mZ944,ca_dist_384_921_A,filter_distance_A,-0.26561498561257885,-0.024572973263690123,0.12602080291184076,False,-0.05472238532147607,0.024572973263690123
Z944,ca_dist_356_1782_A,filter_distance_A,-0.02366468604009355,0.21745604150631062,0.20471689501494167,False,0.1328360834937196,0.02366468604009355
mZ944,ca_dist_354_1460_A,pocket_distance_A,-0.44947005165028614,0.5139987473939287,-0.023126580969322647,False,0.013800704924773305,0.023126580969322647
mZ944,ca_dist_384_921_A,pocket_distance_A,0.3287321170337507,-0.19573330214229265,-0.023072804845557703,False,0.036642003348633455,0.023072804845557703
mZ944,ca_dist_1776_1465_A,pocket_distance_A,0.4176742061755138,-0.059251685509725344,-0.022947503828115248,False,0.11182500561255776,0.022947503828115248
Z944,ca_dist_384_926_A,pocket_distance_A,0.1184593626159902,-0.10657556848404764,-0.022142120279955775,False,-0.003419442049337739,0.022142120279955775
mZ944,ca_dist_351_357_A,filter_distance_A,0.13900267282433626,0.021098850233565166,-0.027944146805646858,False,0.044052458750751526,0.021098850233565166
mZ944,ca_dist_351_356_A,filter_distance_A,0.14605122164740267,-0.019993724399494185,0.0421960116849185,False,0.056084502977608995,0.019993724399494185
Z944,ca_dist_384_875_A,pocket_distance_A,0.0197523940975258,-0.23212215472813116,-0.20948197614919234,False,-0.1406172455932659,0.0197523940975258
mZ944,ca_dist_925_1461_A,pocket_distance_A,-0.05656015754974725,0.2906892211745312,-0.019710869935700988,False,0.07147273122969433,0.019710869935700988
Z944,ca_dist_357_1460_A,filter_distance_A,0.03499663741214561,0.019482023389309648,-0.03784653654166157,False,0.005544041419931231,0.019482023389309648
Z944,ca_dist_1781_1820_A,filter_distance_A,0.09197995288952483,-0.019359901256030636,0.21626942365217464,False,0.0962964917618896,0.019359901256030636
mZ944,ca_dist_1820_1462_A,pocket_distance_A,-0.30926877458283625,0.019171717936230032,-0.038814374315923765,False,-0.10963714365417666,0.019171717936230032
mZ944,ca_dist_357_1782_A,pocket_distance_A,-0.2565315518587035,-0.19975518664983127,0.01871097841279072,False,-0.14585858669858134,0.01871097841279072
mZ944,ca_dist_384_918_A,pocket_distance_A,0.06162862606942702,-0.0740330995092242,-0.018662500429298186,False,-0.010355657956365122,0.018662500429298186
mZ944,ca_dist_384_1463_A,pocket_distance_A,0.33636573662679203,-0.018475012490408334,-0.025075170734761034,False,0.09760518446720756,0.018475012490408334
Z944,ca_dist_1781_1820_A,pocket_distance_A,0.04649812104471162,0.018169078003053455,-0.2593653575757384,False,-0.06489938617599111,0.018169078003053455
Z944,ca_dist_354_1459_A,filter_distance_A,-0.017728569975653585,0.048350198971841216,0.1059650571577827,False,0.045528895384656785,0.017728569975653585
mZ944,ca_dist_384_920_A,pocket_distance_A,0.18645221898173608,-0.2021784897836774,-0.017600090851173502,False,-0.011108787217704938,0.017600090851173502
mZ944,ca_dist_926_1463_A,pocket_distance_A,-0.07085808657604903,-0.1878737097284351,0.016982460148917498,False,-0.08058311205185555,0.016982460148917498
Z944,ca_dist_1778_1782_A,filter_distance_A,0.016941537858265215,0.36634696228491276,-0.22156643806977513,False,0.053907354024467606,0.016941537858265215
Z944,ca_dist_354_1461_A,pocket_distance_A,-0.046588245928390504,0.01569617103090686,-0.26126010499065844,False,-0.09738405996271403,0.01569617103090686
mZ944,ca_dist_384_918_A,filter_distance_A,-0.05679215481500669,-0.015634348356603194,0.1263700828092993,False,0.017981193212563137,0.015634348356603194
mZ944,ca_dist_384_916_A,pocket_distance_A,0.1088396836553757,0.13775085236157614,-0.015612890888499941,False,0.07699254837615065,0.015612890888499941
mZ944,ca_dist_384_926_A,pocket_distance_A,0.029798280430778885,-0.21460892026404846,-0.015515471334241034,False,-0.0667753703891702,0.015515471334241034
mZ944,ca_dist_1820_1463_A,pocket_distance_A,-0.11127100075969223,-0.12240591491735327,0.014382331583479697,False,-0.07309819469785526,0.014382331583479697
mZ944,ca_dist_357_1780_A,filter_distance_A,0.032821384564436624,-0.014014177061300722,-0.08224604476587469,False,-0.021146279087579597,0.014014177061300722
mZ944,ca_dist_1820_1463_A,filter_distance_A,0.04924829917657553,0.05253887555783056,-0.013480025181711854,False,0.02943571651756474,0.013480025181711854
mZ944,ca_dist_384_960_A,pocket_distance_A,0.17013289146489866,-0.2273598220041468,-0.01329939171179943,False,-0.02350877408368253,0.01329939171179943
Z944,ca_dist_357_1460_A,pocket_distance_A,0.04449856698485002,-0.012484570851279728,0.019244898498742675,False,0.017086298210770987,0.012484570851279728
Z944,ca_dist_384_875_A,filter_distance_A,-0.01196851060375574,0.23048065841823226,0.21071637660591006,False,0.14307617480679555,0.01196851060375574
Z944,ca_dist_354_1459_A,pocket_distance_A,0.011300510834999802,-0.04470852225560134,-0.08886226299792813,False,-0.04075675813950989,0.011300510834999802
Z944,ca_dist_926_1459_A,filter_distance_A,-0.13647716918712427,0.010751615394928365,-0.16980619045172834,False,-0.09851058141464142,0.010751615394928365
mZ944,ca_dist_354_1459_A,filter_distance_A,0.2869492661375447,0.09824096468139198,-0.010583929255306641,False,0.12486876718787666,0.010583929255306641
mZ944,ca_dist_925_1459_A,pocket_distance_A,-0.4118083449793284,0.4815067100918233,0.00980606292318699,False,0.026501476011893958,0.00980606292318699
mZ944,ca_dist_353_926_A,filter_distance_A,0.07529577765864072,0.09828732340877555,-0.009788744627171553,False,0.0545981188134149,0.009788744627171553
Z944,ca_dist_357_1782_A,filter_distance_A,-0.009014577483190142,0.10031733896752552,-0.038772585234525134,False,0.01751005874993675,0.009014577483190142
mZ944,ca_dist_384_919_A,pocket_distance_A,0.043069371246263845,0.30803274958301335,-0.00897802982536297,False,0.11404136366797142,0.00897802982536297
mZ944,ca_dist_925_1463_A,filter_distance_A,-0.1631788333273598,0.15051552926638276,0.008016781613064582,False,-0.0015488408159708203,0.008016781613064582
Z944,ca_dist_1776_1465_A,pocket_distance_A,0.007261431549834073,-0.16644673904512436,0.24485421495688578,False,0.0285563024871985,0.007261431549834073
mZ944,ca_dist_1778_1465_A,filter_distance_A,-0.3723708054645119,-0.006658504014102594,0.14295915604299048,False,-0.07869005114520801,0.006658504014102594
mZ944,ca_dist_384_917_A,pocket_distance_A,0.26588423517285636,-0.36690641278430236,-0.0066058537451455365,False,-0.035876010452197175,0.0066058537451455365
Z944,ca_dist_357_1461_A,pocket_distance_A,0.006470621348264789,0.011182486652581973,-0.07094838978912124,False,-0.017765093929424828,0.006470621348264789
mZ944,ca_dist_353_355_A,filter_distance_A,0.2526418161517182,-0.006278362449557295,-0.052456522589971306,False,0.0646356437040632,0.006278362449557295
Z944,ca_dist_1820_1462_A,pocket_distance_A,-0.005839034304354545,0.34381748172429055,0.010735687860734438,False,0.1162380450935568,0.005839034304354545
mZ944,ca_dist_354_1459_A,pocket_distance_A,-0.46643832669407,0.5706140120773502,0.005433772663381999,False,0.03653648601555407,0.005433772663381999
mZ944,ca_dist_355_924_A,pocket_distance_A,0.0053548309910131766,0.1726738751009228,-0.054639323268826846,False,0.04112979427436971,0.0053548309910131766
mZ944,ca_dist_384_950_A,pocket_distance_A,0.25133038826427745,-0.3609437532682272,0.005128401103431064,False,-0.034828321300172896,0.005128401103431064
Z944,ca_dist_956_1464_A,filter_distance_A,0.04849562851079983,-0.27364560061884413,0.005014557314327689,False,-0.07337847159790555,0.005014557314327689
Z944,ca_dist_357_1461_A,filter_distance_A,0.07241431595142984,-0.004961741478487119,0.06553137249435073,False,0.04432798232243115,0.004961741478487119
mZ944,ca_dist_355_388_A,filter_distance_A,0.16586504560528914,-0.004791174475092273,0.008882961320849942,False,0.05665227748368227,0.004791174475092273
mZ944,ca_dist_384_960_A,filter_distance_A,-0.07421454825824858,0.004353084501317508,0.11187695386737286,False,0.014005163370147261,0.004353084501317508
mZ944,ca_dist_918_1462_A,pocket_distance_A,0.4507400576828173,-0.38627402945710465,-0.004252353609388344,False,0.020071224872108093,0.004252353609388344
mZ944,ca_dist_384_876_A,pocket_distance_A,0.15113080120493297,0.5284271065710249,-0.004234869746489397,False,0.22510767934315615,0.004234869746489397
mZ944,ca_dist_923_1816_A,pocket_distance_A,-0.2795219943966837,-0.5010466487769857,0.004095926017845488,False,-0.2588242390519413,0.004095926017845488
mZ944,ca_dist_354_1461_A,filter_distance_A,0.14642372209191315,-0.003866715224310421,0.10791321644932395,False,0.08349007443897556,0.003866715224310421
Z944,ca_dist_354_1461_A,filter_distance_A,0.06557861159342328,-0.0032888536874741835,0.2300547210537073,False,0.0974481596532188,0.0032888536874741835
Z944,ca_dist_357_1781_A,pocket_distance_A,0.05645733168709445,-0.09510310799168144,-0.0032306734846077995,False,-0.013958816596398263,0.0032306734846077995
mZ944,ca_dist_356_925_A,pocket_distance_A,-0.003223431977974831,0.4638086036456101,-0.09784923343500078,False,0.12091197941087817,0.003223431977974831
Z944,ca_dist_1776_1464_A,pocket_distance_A,0.03357889172059436,-0.0028142727725732064,0.31163131268278654,False,0.11413197721026924,0.0028142727725732064
mZ944,ca_dist_384_872_A,pocket_distance_A,0.19258880368608094,0.5389949096118775,-0.002751125563201439,False,0.24294419591158564,0.002751125563201439
Z944,ca_dist_1820_1462_A,filter_distance_A,0.0026607924491016577,-0.35772602711391005,0.015488185911838127,False,-0.1131923495843234,0.0026607924491016577
Z944,ca_dist_1820_1463_A,filter_distance_A,-0.001849815755241019,-0.33090286744977476,0.16627305938431944,False,-0.05549320794023211,0.001849815755241019
mZ944,ca_dist_354_1780_A,pocket_distance_A,-0.18099435972356068,0.28345368345801003,0.001541758819270829,False,0.03466702751790673,0.001541758819270829
mZ944,ca_dist_1778_1465_A,pocket_distance_A,0.4308419353889199,-0.0014321535423853812,-0.02771232005535229,False,0.13389915393039406,0.0014321535423853812
Z944,ca_dist_387_955_A,filter_distance_A,0.0011209506252458379,0.31063032841844507,-0.006816057460453337,False,0.1016450738610792,0.0011209506252458379
mZ944,ca_dist_926_1461_A,pocket_distance_A,-0.16466983773760505,0.22394126322012878,0.0005044491806866796,False,0.01992529155440347,0.0005044491806866796
