feature,descriptor,run2_rho,run3_rho,sign_consistent,mean_rho,minimum_absolute_rho
ca_dist_956_1464_A,event_count,-0.16435352024820268,-0.2586247461045739,True,-0.2114891331763883,0.16435352024820268
ca_dist_384_875_A,event_count,0.10681017264183475,0.12276757994306119,True,0.11478887629244797,0.10681017264183475
ca_dist_1777_1782_A,event_count,0.14344326388613743,0.10101423385051973,True,0.12222874886832857,0.10101423385051973
ca_dist_384_876_A,event_count,0.11044272723095597,0.09921487860356482,True,0.10482880291726039,0.09921487860356482
ca_dist_384_872_A,event_count,0.0991018655635417,0.10406059732649682,True,0.10158123144501927,0.0991018655635417
ca_dist_354_1780_A,event_count,-0.09785158489033269,-0.10710335182328715,True,-0.10247746835680992,0.09785158489033269
ca_dist_1820_1463_A,event_count,-0.08959776827726092,-0.11846228919530499,True,-0.10403002873628295,0.08959776827726092
ca_dist_1820_1462_A,event_count,-0.08028458359016555,-0.10313977778335684,True,-0.0917121806867612,0.08028458359016555
ca_dist_1816_1463_A,event_count,-0.14656203414416208,-0.07979227499146484,True,-0.11317715456781346,0.07979227499146484
ca_dist_1776_1782_A,event_count,0.11795484815717486,0.07911152256817981,True,0.09853318536267733,0.07911152256817981
ca_dist_384_948_A,event_count,0.07779883211015046,0.1265701069366245,True,0.10218446952338747,0.07779883211015046
ca_dist_384_950_A,event_count,0.0758114576106823,0.10506136493364479,True,0.09043641127216354,0.0758114576106823
ca_dist_357_1782_A,event_count,-0.07515259249978837,-0.10896374042890282,True,-0.09205816646434559,0.07515259249978837
ca_dist_384_920_A,event_count,0.10086116377839996,0.07496923900654327,True,0.08791520139247161,0.07496923900654327
ca_dist_1778_1782_A,event_count,0.0737983462962705,0.10937370554766515,True,0.09158602592196782,0.0737983462962705
ca_dist_351_356_A,event_count,0.1194784476012523,0.07132649374113104,True,0.09540247067119167,0.07132649374113104
ca_dist_357_1462_A,event_count,0.08819063685329238,0.06960444111292613,True,0.07889753898310925,0.06960444111292613
ca_dist_384_916_A,event_count,0.09928481816254944,0.06632814223430707,True,0.08280648019842826,0.06632814223430707
ca_dist_384_917_A,event_count,0.06397100098624754,0.07059338068833121,True,0.06728219083728937,0.06397100098624754
ca_dist_357_1461_A,event_count,0.05836299999989639,0.11858353017746155,True,0.08847326508867898,0.05836299999989639
ca_dist_357_1460_A,event_count,0.056988311593446896,0.12091071810450445,True,0.08894951484897567,0.056988311593446896
ca_dist_384_919_A,event_count,0.10296673875277709,0.056483736143714824,True,0.07972523744824596,0.056483736143714824
ca_dist_956_1464_A,has_bridge,-0.05151948144354284,-0.09363230629698323,True,-0.07257589387026303,0.05151948144354284
ca_dist_356_925_A,event_count,-0.11100310707251011,-0.05014608314873583,True,-0.08057459511062297,0.05014608314873583
ca_dist_351_357_A,event_count,0.04285755087602518,0.07176611234568382,True,0.0573118316108545,0.04285755087602518
ca_dist_926_1459_A,has_bridge,0.04044206829027947,0.04606564707701472,True,0.0432538576836471,0.04044206829027947
ca_dist_384_918_A,event_count,0.11985822002685934,0.03569594658049026,True,0.0777770833036748,0.03569594658049026
ca_dist_925_1463_A,event_count,-0.1052703512353802,-0.03520256140636587,True,-0.07023645632087304,0.03520256140636587
ca_dist_354_926_A,event_count,0.08829122138084744,0.03508258659559151,True,0.06168690398821948,0.03508258659559151
ca_dist_353_355_A,event_count,0.19017042707961193,0.03480615607796025,True,0.11248829157878609,0.03480615607796025
ca_dist_1776_1781_A,event_count,0.04909605485742968,0.03432919661884191,True,0.04171262573813579,0.03432919661884191
ca_dist_384_921_A,event_count,0.11910646258552275,0.031812462861786406,True,0.07545946272365459,0.031812462861786406
ca_dist_355_924_A,event_count,-0.09030916701796178,-0.03005499808180011,True,-0.060182082549880944,0.03005499808180011
ca_dist_926_1461_A,event_count,0.05738679501747944,0.028802916102121864,True,0.04309485555980065,0.028802916102121864
ca_dist_354_1460_A,event_count,0.028127461783363453,0.028247922582482394,True,0.028187692182922924,0.028127461783363453
ca_dist_926_1463_A,has_bridge,0.030333815611230892,0.02754287450686137,True,0.028938345059046133,0.02754287450686137
ca_dist_357_1782_A,has_bridge,-0.02736293133631205,-0.08449717334875877,True,-0.05593005234253541,0.02736293133631205
ca_dist_1778_1782_A,has_bridge,0.05162817228546315,0.027329646589725635,True,0.0394789094375944,0.027329646589725635
ca_dist_1820_1462_A,has_bridge,-0.02459131361875114,-0.03532849911280415,True,-0.029959906365777646,0.02459131361875114
ca_dist_354_1459_A,event_count,0.022556126045252103,0.024959534589875324,True,0.023757830317563712,0.022556126045252103
ca_dist_926_1460_A,has_bridge,0.020221034145139736,0.021392932456230227,True,0.02080698330068498,0.020221034145139736
ca_dist_925_1465_A,event_count,-0.14299632636464477,-0.01801723551800082,True,-0.0805067809413228,0.01801723551800082
ca_dist_356_1782_A,event_count,-0.017164546889109907,-0.11857824107475817,True,-0.06787139398193404,0.017164546889109907
ca_dist_925_1459_A,has_bridge,0.017390542307121695,0.016881478696376566,True,0.01713601050174913,0.016881478696376566
ca_dist_1776_1782_A,has_bridge,0.048747863726379424,0.01685903359075245,True,0.03280344865856594,0.01685903359075245
ca_dist_354_1780_A,has_bridge,-0.016385151520070675,-0.05913427380881298,True,-0.03775971266444183,0.016385151520070675
ca_dist_384_948_A,has_bridge,0.015742063760023677,0.058286973401247326,True,0.0370145185806355,0.015742063760023677
ca_dist_354_1459_A,has_bridge,0.014446830652636489,0.02002378477903149,True,0.01723530771583399,0.014446830652636489
ca_dist_354_1461_A,event_count,0.013667619291825911,0.034984301059036146,True,0.024325960175431028,0.013667619291825911
ca_dist_926_1461_A,has_bridge,0.020424829580729453,0.013576445922058762,True,0.017000637751394106,0.013576445922058762
ca_dist_1816_1463_A,has_bridge,-0.013350864189333032,-0.020674691108503652,True,-0.017012777648918342,0.013350864189333032
ca_dist_353_926_A,event_count,0.0990811991938559,0.013195782521632924,True,0.05613849085774441,0.013195782521632924
ca_dist_356_1782_A,has_bridge,-0.012042044768251048,-0.07310631357534307,True,-0.04257417917179706,0.012042044768251048
ca_dist_1777_1782_A,has_bridge,0.04367562219875432,0.011747174845145696,True,0.02771139852195001,0.011747174845145696
ca_dist_355_388_A,event_count,-0.010994177030263843,-0.058734337418496804,True,-0.03486425722438032,0.010994177030263843
ca_dist_384_950_A,has_bridge,0.010878146466342584,0.0607278719818742,True,0.035803009224108395,0.010878146466342584
ca_dist_354_1460_A,has_bridge,0.009274955854733395,0.012456999403674913,True,0.010865977629204153,0.009274955854733395
ca_dist_923_1816_A,event_count,-0.10217460586892359,-0.009042511889355589,True,-0.05560855887913959,0.009042511889355589
ca_dist_357_1781_A,has_bridge,-0.008233334835891266,-0.013660614849129879,True,-0.010946974842510573,0.008233334835891266
ca_dist_926_1466_A,event_count,-0.05575279377349201,-0.00378558841388645,True,-0.02976919109368923,0.00378558841388645
ca_dist_384_960_A,event_count,0.0036068146790669735,0.012851651392657431,True,0.008229233035862203,0.0036068146790669735
ca_dist_384_916_A,has_bridge,0.0030886327630426204,0.029551705963736706,True,0.016320169363389665,0.0030886327630426204
ca_dist_926_1459_A,event_count,0.05539921851196816,0.0026290184408310296,True,0.029014118476399595,0.0026290184408310296
ca_dist_354_1461_A,has_bridge,0.011195161569268851,0.0018517161241874323,True,0.006523438846728142,0.0018517161241874323
ca_dist_357_1780_A,has_bridge,-0.0017662269449931758,-0.03083107343953342,True,-0.016298650192263297,0.0017662269449931758
ca_dist_1820_1463_A,has_bridge,-0.0015760178908194014,-0.059050104894154146,True,-0.030313061392486775,0.0015760178908194014
ca_dist_384_919_A,has_bridge,0.0011955997803353826,0.015832172832853396,True,0.008513886306594389,0.0011955997803353826
ca_dist_926_1463_A,event_count,0.017768595292475993,0.0008297781134861462,True,0.00929918670298107,0.0008297781134861462
ca_dist_384_1466_A,has_bridge,-0.0006340301865414907,-0.026953692079607048,True,-0.01379386113307427,0.0006340301865414907
ca_dist_353_1461_A,has_bridge,0.0002717272225550692,0.02268913374079132,True,0.011480430481673194,0.0002717272225550692
ca_dist_925_1463_A,has_bridge,-0.0237851895259081,-0.000176754720945164,True,-0.011980972123426631,0.000176754720945164
ca_dist_1781_1820_A,event_count,0.14633116976422092,-0.1241347615428502,False,0.011098204110685357,0.1241347615428502
ca_dist_1777_1464_A,event_count,-0.09003280264872605,0.08638360402257456,False,-0.001824599313075749,0.08638360402257456
ca_dist_1781_1816_A,event_count,0.08174552933013324,-0.09344420907596199,False,-0.005849339872914375,0.08174552933013324
ca_dist_384_1463_A,event_count,0.10224884165664519,-0.07055038892829359,False,0.0158492263641758,0.07055038892829359
ca_dist_1777_1465_A,event_count,-0.09289692202156415,0.06227165338222366,False,-0.015312634319670244,0.06227165338222366
ca_dist_1778_1464_A,event_count,-0.13501299184690624,0.0594510122969219,False,-0.03778098977499217,0.0594510122969219
ca_dist_384_1465_A,event_count,0.11406066630144035,-0.05467688129699433,False,0.02969189250222301,0.05467688129699433
ca_dist_918_1462_A,event_count,0.11673940604040892,-0.04384489594284592,False,0.0364472550487815,0.04384489594284592
ca_dist_1781_1816_A,has_bridge,0.0420679028385673,-0.066776811198785,False,-0.012354454180108845,0.0420679028385673
ca_dist_1778_1465_A,event_count,-0.13602167700342238,0.04138291485506008,False,-0.047319381074181155,0.04138291485506008
ca_dist_356_925_A,has_bridge,0.042661173902142864,-0.03693612541655689,False,0.0028625242427929853,0.03693612541655689
ca_dist_355_387_A,has_bridge,0.03495317839466707,-0.04948571060366353,False,-0.00726626610449823,0.03495317839466707
ca_dist_384_1466_A,event_count,0.1290371549414842,-0.034507793118619116,False,0.047264680911432544,0.034507793118619116
ca_dist_1781_1820_A,has_bridge,0.03429197548644974,-0.0902767721500485,False,-0.027992398331799385,0.03429197548644974
ca_dist_355_387_A,event_count,0.03250991286883042,-0.04122673724171639,False,-0.004358412186442985,0.03250991286883042
ca_dist_1777_1465_A,has_bridge,-0.032299309158182896,0.04192453635323911,False,0.004812613597528107,0.032299309158182896
ca_dist_925_1465_A,has_bridge,-0.044246249365598275,0.029602207258450506,False,-0.007322021053573885,0.029602207258450506
ca_dist_1778_1465_A,has_bridge,-0.03460446182402522,0.02908035998804279,False,-0.0027620509179912146,0.02908035998804279
ca_dist_384_960_A,has_bridge,-0.07545864977253085,0.02740820421834925,False,-0.0240252227770908,0.02740820421834925
ca_dist_356_1781_A,event_count,0.10885218082251062,-0.026721244586227058,False,0.04106546811814178,0.026721244586227058
ca_dist_355_924_A,has_bridge,0.02531591954490219,-0.04186842374351786,False,-0.008276252099307836,0.02531591954490219
ca_dist_384_926_A,has_bridge,0.037308147656810994,-0.025191756134359495,False,0.00605819576122575,0.025191756134359495
ca_dist_353_1461_A,event_count,-0.025120924791800066,0.06742354485544179,False,0.02115131003182086,0.025120924791800066
ca_dist_1776_1465_A,event_count,-0.15270951494003843,0.024665031368554705,False,-0.06402224178574187,0.024665031368554705
ca_dist_384_872_A,has_bridge,-0.022417495881288423,0.054370313239122586,False,0.01597640867891708,0.022417495881288423
ca_dist_384_1463_A,has_bridge,0.021846868673454055,-0.059672954862629565,False,-0.018913043094587755,0.021846868673454055
ca_dist_1776_1465_A,has_bridge,-0.038847935357839994,0.021275096014717117,False,-0.008786419671561439,0.021275096014717117
ca_dist_351_357_A,has_bridge,-0.03795123538216106,0.020545632049439204,False,-0.008702801666360928,0.020545632049439204
ca_dist_1776_1464_A,event_count,-0.13770615883929327,0.019560151576368416,False,-0.05907300363146242,0.019560151576368416
ca_dist_384_918_A,has_bridge,-0.02066032646938171,0.018738806050678573,False,-0.0009607602093515688,0.018738806050678573
ca_dist_925_1461_A,event_count,0.019959600198921814,-0.018333089512840316,False,0.0008132553430407492,0.018333089512840316
ca_dist_1778_1464_A,has_bridge,-0.017544521002972303,0.054981940635376224,False,0.01871870981620196,0.017544521002972303
ca_dist_356_1781_A,has_bridge,0.017336196783163785,-0.017150819176983145,False,9.268880309032043e-05,0.017150819176983145
ca_dist_918_1462_A,has_bridge,0.015488451685638945,-0.032581786834649386,False,-0.00854666757450522,0.015488451685638945
ca_dist_384_920_A,has_bridge,-0.014935939680098832,0.0348627644835652,False,0.009963412401733183,0.014935939680098832
ca_dist_1776_1464_A,has_bridge,-0.014564579115636033,0.03702871122276626,False,0.011232066053565115,0.014564579115636033
ca_dist_925_1459_A,event_count,0.014174645333573162,-0.026353114632384326,False,-0.006089234649405582,0.014174645333573162
ca_dist_384_917_A,has_bridge,-0.01411170041179163,0.03576898309951875,False,0.01082864134386356,0.01411170041179163
ca_dist_351_356_A,has_bridge,-0.024328643992763865,0.013565223400114509,False,-0.005381710296324678,0.013565223400114509
ca_dist_384_876_A,has_bridge,-0.013378036936025456,0.040179434227642016,False,0.013400698645808281,0.013378036936025456
ca_dist_384_1465_A,has_bridge,0.013015733948488173,-0.049118173054223564,False,-0.018051219552867696,0.013015733948488173
ca_dist_353_926_A,has_bridge,0.012753064323577413,-0.023174507836067525,False,-0.005210721756245056,0.012753064323577413
ca_dist_925_1461_A,has_bridge,0.010533958651420837,-0.02597733271795672,False,-0.007721687033267942,0.010533958651420837
ca_dist_384_926_A,event_count,0.13911253176976374,-0.01022764373059083,False,0.06444244401958646,0.01022764373059083
ca_dist_1777_1464_A,has_bridge,-0.009827467882408337,0.06629985407676897,False,0.02823619309718032,0.009827467882408337
ca_dist_357_1460_A,has_bridge,-0.009628201270139799,0.029355311802515074,False,0.009863555266187637,0.009628201270139799
ca_dist_1776_1781_A,has_bridge,0.03128486089017364,-0.009536338030846674,False,0.010874261429663483,0.009536338030846674
ca_dist_354_926_A,has_bridge,0.033168836269564156,-0.009261386234493898,False,0.011953725017535128,0.009261386234493898
ca_dist_926_1460_A,event_count,0.08419715712132222,-0.00802347555977574,False,0.03808684078077324,0.00802347555977574
ca_dist_357_1461_A,has_bridge,-0.00693810174289627,0.022503962169859688,False,0.007782930213481708,0.00693810174289627
ca_dist_357_1462_A,has_bridge,0.00693810174289627,-0.008885431765608482,False,-0.000973665011356106,0.00693810174289627
ca_dist_355_388_A,has_bridge,0.006865641150281165,-0.03988764880269395,False,-0.01651100382620639,0.006865641150281165
ca_dist_384_921_A,has_bridge,-0.00826050757322628,0.005726291832525075,False,-0.0012671078703506023,0.005726291832525075
ca_dist_384_875_A,has_bridge,-0.005008838469098443,0.054555484851372044,False,0.0247733231911368,0.005008838469098443
ca_dist_353_355_A,has_bridge,0.01786153609595322,-0.004859352006303747,False,0.006501092044824736,0.004859352006303747
ca_dist_387_955_A,event_count,-0.015137977114664572,0.002869675947368268,False,-0.006134150583648152,0.002869675947368268
ca_dist_926_1466_A,has_bridge,-0.0023459116859140127,0.04827087251271357,False,0.02296248041339978,0.0023459116859140127
ca_dist_387_955_A,has_bridge,-0.09526756414070883,0.0015739587069983107,False,-0.04684680271685526,0.0015739587069983107
ca_dist_923_1816_A,has_bridge,-0.0006883756298434942,0.021611771653901712,False,0.010461698012029109,0.0006883756298434942
ca_dist_357_1780_A,event_count,-0.06444187059642655,0.00040435182368442384,False,-0.03201875938637106,0.00040435182368442384
ca_dist_357_1781_A,event_count,0.024732869295597593,-5.256454920086345e-05,False,0.012340152373198365,5.256454920086345e-05
