replica,feature,descriptor,frames,spearman_rho
2,ca_dist_357_1462_A,has_bridge,1486,0.00693810174289627
2,ca_dist_357_1462_A,event_count,1486,0.08819063685329238
2,ca_dist_1820_1462_A,has_bridge,1486,-0.02459131361875114
2,ca_dist_1820_1462_A,event_count,1486,-0.08028458359016555
2,ca_dist_355_388_A,has_bridge,1486,0.006865641150281165
2,ca_dist_355_388_A,event_count,1486,-0.010994177030263843
2,ca_dist_354_1459_A,has_bridge,1486,0.014446830652636489
2,ca_dist_354_1459_A,event_count,1486,0.022556126045252103
2,ca_dist_357_1780_A,has_bridge,1486,-0.0017662269449931758
2,ca_dist_357_1780_A,event_count,1486,-0.06444187059642655
2,ca_dist_384_872_A,has_bridge,1486,-0.022417495881288423
2,ca_dist_384_872_A,event_count,1486,0.0991018655635417
2,ca_dist_384_1466_A,has_bridge,1486,-0.0006340301865414907
2,ca_dist_384_1466_A,event_count,1486,0.1290371549414842
2,ca_dist_384_1463_A,has_bridge,1486,0.021846868673454055
2,ca_dist_384_1463_A,event_count,1486,0.10224884165664519
2,ca_dist_384_950_A,has_bridge,1486,0.010878146466342584
2,ca_dist_384_950_A,event_count,1486,0.0758114576106823
2,ca_dist_1776_1782_A,has_bridge,1486,0.048747863726379424
2,ca_dist_1776_1782_A,event_count,1486,0.11795484815717486
2,ca_dist_356_1782_A,has_bridge,1486,-0.012042044768251048
2,ca_dist_356_1782_A,event_count,1486,-0.017164546889109907
2,ca_dist_1777_1464_A,has_bridge,1486,-0.009827467882408337
2,ca_dist_1777_1464_A,event_count,1486,-0.09003280264872605
2,ca_dist_357_1782_A,has_bridge,1486,-0.02736293133631205
2,ca_dist_357_1782_A,event_count,1486,-0.07515259249978837
2,ca_dist_384_876_A,has_bridge,1486,-0.013378036936025456
2,ca_dist_384_876_A,event_count,1486,0.11044272723095597
2,ca_dist_384_919_A,has_bridge,1486,0.0011955997803353826
2,ca_dist_384_919_A,event_count,1486,0.10296673875277709
2,ca_dist_356_1781_A,has_bridge,1486,0.017336196783163785
2,ca_dist_356_1781_A,event_count,1486,0.10885218082251062
2,ca_dist_357_1460_A,has_bridge,1486,-0.009628201270139799
2,ca_dist_357_1460_A,event_count,1486,0.056988311593446896
2,ca_dist_384_948_A,has_bridge,1486,0.015742063760023677
2,ca_dist_384_948_A,event_count,1486,0.07779883211015046
2,ca_dist_387_955_A,has_bridge,1486,-0.09526756414070883
2,ca_dist_387_955_A,event_count,1486,-0.015137977114664572
2,ca_dist_1781_1816_A,has_bridge,1486,0.0420679028385673
2,ca_dist_1781_1816_A,event_count,1486,0.08174552933013324
2,ca_dist_353_1461_A,has_bridge,1486,0.0002717272225550692
2,ca_dist_353_1461_A,event_count,1486,-0.025120924791800066
2,ca_dist_351_357_A,has_bridge,1486,-0.03795123538216106
2,ca_dist_351_357_A,event_count,1486,0.04285755087602518
2,ca_dist_354_1460_A,has_bridge,1486,0.009274955854733395
2,ca_dist_354_1460_A,event_count,1486,0.028127461783363453
2,ca_dist_384_1465_A,has_bridge,1486,0.013015733948488173
2,ca_dist_384_1465_A,event_count,1486,0.11406066630144035
2,ca_dist_1778_1464_A,has_bridge,1486,-0.017544521002972303
2,ca_dist_1778_1464_A,event_count,1486,-0.13501299184690624
2,ca_dist_926_1463_A,has_bridge,1486,0.030333815611230892
2,ca_dist_926_1463_A,event_count,1486,0.017768595292475993
2,ca_dist_1781_1820_A,has_bridge,1486,0.03429197548644974
2,ca_dist_1781_1820_A,event_count,1486,0.14633116976422092
2,ca_dist_925_1463_A,has_bridge,1486,-0.0237851895259081
2,ca_dist_925_1463_A,event_count,1486,-0.1052703512353802
2,ca_dist_384_920_A,has_bridge,1486,-0.014935939680098832
2,ca_dist_384_920_A,event_count,1486,0.10086116377839996
2,ca_dist_926_1466_A,has_bridge,1486,-0.0023459116859140127
2,ca_dist_926_1466_A,event_count,1486,-0.05575279377349201
2,ca_dist_918_1462_A,has_bridge,1486,0.015488451685638945
2,ca_dist_918_1462_A,event_count,1486,0.11673940604040892
2,ca_dist_1778_1782_A,has_bridge,1486,0.05162817228546315
2,ca_dist_1778_1782_A,event_count,1486,0.0737983462962705
2,ca_dist_354_926_A,has_bridge,1486,0.033168836269564156
2,ca_dist_354_926_A,event_count,1486,0.08829122138084744
2,ca_dist_357_1461_A,has_bridge,1486,-0.00693810174289627
2,ca_dist_357_1461_A,event_count,1486,0.05836299999989639
2,ca_dist_384_916_A,has_bridge,1486,0.0030886327630426204
2,ca_dist_384_916_A,event_count,1486,0.09928481816254944
2,ca_dist_1777_1465_A,has_bridge,1486,-0.032299309158182896
2,ca_dist_1777_1465_A,event_count,1486,-0.09289692202156415
2,ca_dist_925_1465_A,has_bridge,1486,-0.044246249365598275
2,ca_dist_925_1465_A,event_count,1486,-0.14299632636464477
2,ca_dist_384_875_A,has_bridge,1486,-0.005008838469098443
2,ca_dist_384_875_A,event_count,1486,0.10681017264183475
2,ca_dist_384_921_A,has_bridge,1486,-0.00826050757322628
2,ca_dist_384_921_A,event_count,1486,0.11910646258552275
2,ca_dist_1816_1463_A,has_bridge,1486,-0.013350864189333032
2,ca_dist_1816_1463_A,event_count,1486,-0.14656203414416208
2,ca_dist_355_387_A,has_bridge,1486,0.03495317839466707
2,ca_dist_355_387_A,event_count,1486,0.03250991286883042
2,ca_dist_356_925_A,has_bridge,1486,0.042661173902142864
2,ca_dist_356_925_A,event_count,1486,-0.11100310707251011
2,ca_dist_354_1461_A,has_bridge,1486,0.011195161569268851
2,ca_dist_354_1461_A,event_count,1486,0.013667619291825911
2,ca_dist_384_926_A,has_bridge,1486,0.037308147656810994
2,ca_dist_384_926_A,event_count,1486,0.13911253176976374
2,ca_dist_354_1780_A,has_bridge,1486,-0.016385151520070675
2,ca_dist_354_1780_A,event_count,1486,-0.09785158489033269
2,ca_dist_355_924_A,has_bridge,1486,0.02531591954490219
2,ca_dist_355_924_A,event_count,1486,-0.09030916701796178
2,ca_dist_1776_1781_A,has_bridge,1486,0.03128486089017364
2,ca_dist_1776_1781_A,event_count,1486,0.04909605485742968
2,ca_dist_384_960_A,has_bridge,1486,-0.07545864977253085
2,ca_dist_384_960_A,event_count,1486,0.0036068146790669735
2,ca_dist_925_1459_A,has_bridge,1486,0.017390542307121695
2,ca_dist_925_1459_A,event_count,1486,0.014174645333573162
2,ca_dist_956_1464_A,has_bridge,1486,-0.05151948144354284
2,ca_dist_956_1464_A,event_count,1486,-0.16435352024820268
2,ca_dist_384_918_A,has_bridge,1486,-0.02066032646938171
2,ca_dist_384_918_A,event_count,1486,0.11985822002685934
2,ca_dist_926_1460_A,has_bridge,1486,0.020221034145139736
2,ca_dist_926_1460_A,event_count,1486,0.08419715712132222
2,ca_dist_1778_1465_A,has_bridge,1486,-0.03460446182402522
2,ca_dist_1778_1465_A,event_count,1486,-0.13602167700342238
2,ca_dist_353_355_A,has_bridge,1486,0.01786153609595322
2,ca_dist_353_355_A,event_count,1486,0.19017042707961193
2,ca_dist_925_1461_A,has_bridge,1486,0.010533958651420837
2,ca_dist_925_1461_A,event_count,1486,0.019959600198921814
2,ca_dist_1777_1782_A,has_bridge,1486,0.04367562219875432
2,ca_dist_1777_1782_A,event_count,1486,0.14344326388613743
2,ca_dist_1820_1463_A,has_bridge,1486,-0.0015760178908194014
2,ca_dist_1820_1463_A,event_count,1486,-0.08959776827726092
2,ca_dist_351_356_A,has_bridge,1486,-0.024328643992763865
2,ca_dist_351_356_A,event_count,1486,0.1194784476012523
2,ca_dist_353_926_A,has_bridge,1486,0.012753064323577413
2,ca_dist_353_926_A,event_count,1486,0.0990811991938559
2,ca_dist_357_1781_A,has_bridge,1486,-0.008233334835891266
2,ca_dist_357_1781_A,event_count,1486,0.024732869295597593
2,ca_dist_923_1816_A,has_bridge,1486,-0.0006883756298434942
2,ca_dist_923_1816_A,event_count,1486,-0.10217460586892359
2,ca_dist_384_917_A,has_bridge,1486,-0.01411170041179163
2,ca_dist_384_917_A,event_count,1486,0.06397100098624754
2,ca_dist_1776_1465_A,has_bridge,1486,-0.038847935357839994
2,ca_dist_1776_1465_A,event_count,1486,-0.15270951494003843
2,ca_dist_926_1459_A,has_bridge,1486,0.04044206829027947
2,ca_dist_926_1459_A,event_count,1486,0.05539921851196816
2,ca_dist_926_1461_A,has_bridge,1486,0.020424829580729453
2,ca_dist_926_1461_A,event_count,1486,0.05738679501747944
2,ca_dist_1776_1464_A,has_bridge,1486,-0.014564579115636033
2,ca_dist_1776_1464_A,event_count,1486,-0.13770615883929327
3,ca_dist_357_1462_A,has_bridge,1486,-0.008885431765608482
3,ca_dist_357_1462_A,event_count,1486,0.06960444111292613
3,ca_dist_1820_1462_A,has_bridge,1486,-0.03532849911280415
3,ca_dist_1820_1462_A,event_count,1486,-0.10313977778335684
3,ca_dist_355_388_A,has_bridge,1486,-0.03988764880269395
3,ca_dist_355_388_A,event_count,1486,-0.058734337418496804
3,ca_dist_354_1459_A,has_bridge,1486,0.02002378477903149
3,ca_dist_354_1459_A,event_count,1486,0.024959534589875324
3,ca_dist_357_1780_A,has_bridge,1486,-0.03083107343953342
3,ca_dist_357_1780_A,event_count,1486,0.00040435182368442384
3,ca_dist_384_872_A,has_bridge,1486,0.054370313239122586
3,ca_dist_384_872_A,event_count,1486,0.10406059732649682
3,ca_dist_384_1466_A,has_bridge,1486,-0.026953692079607048
3,ca_dist_384_1466_A,event_count,1486,-0.034507793118619116
3,ca_dist_384_1463_A,has_bridge,1486,-0.059672954862629565
3,ca_dist_384_1463_A,event_count,1486,-0.07055038892829359
3,ca_dist_384_950_A,has_bridge,1486,0.0607278719818742
3,ca_dist_384_950_A,event_count,1486,0.10506136493364479
3,ca_dist_1776_1782_A,has_bridge,1486,0.01685903359075245
3,ca_dist_1776_1782_A,event_count,1486,0.07911152256817981
3,ca_dist_356_1782_A,has_bridge,1486,-0.07310631357534307
3,ca_dist_356_1782_A,event_count,1486,-0.11857824107475817
3,ca_dist_1777_1464_A,has_bridge,1486,0.06629985407676897
3,ca_dist_1777_1464_A,event_count,1486,0.08638360402257456
3,ca_dist_357_1782_A,has_bridge,1486,-0.08449717334875877
3,ca_dist_357_1782_A,event_count,1486,-0.10896374042890282
3,ca_dist_384_876_A,has_bridge,1486,0.040179434227642016
3,ca_dist_384_876_A,event_count,1486,0.09921487860356482
3,ca_dist_384_919_A,has_bridge,1486,0.015832172832853396
3,ca_dist_384_919_A,event_count,1486,0.056483736143714824
3,ca_dist_356_1781_A,has_bridge,1486,-0.017150819176983145
3,ca_dist_356_1781_A,event_count,1486,-0.026721244586227058
3,ca_dist_357_1460_A,has_bridge,1486,0.029355311802515074
3,ca_dist_357_1460_A,event_count,1486,0.12091071810450445
3,ca_dist_384_948_A,has_bridge,1486,0.058286973401247326
3,ca_dist_384_948_A,event_count,1486,0.1265701069366245
3,ca_dist_387_955_A,has_bridge,1486,0.0015739587069983107
3,ca_dist_387_955_A,event_count,1486,0.002869675947368268
3,ca_dist_1781_1816_A,has_bridge,1486,-0.066776811198785
3,ca_dist_1781_1816_A,event_count,1486,-0.09344420907596199
3,ca_dist_353_1461_A,has_bridge,1486,0.02268913374079132
3,ca_dist_353_1461_A,event_count,1486,0.06742354485544179
3,ca_dist_351_357_A,has_bridge,1486,0.020545632049439204
3,ca_dist_351_357_A,event_count,1486,0.07176611234568382
3,ca_dist_354_1460_A,has_bridge,1486,0.012456999403674913
3,ca_dist_354_1460_A,event_count,1486,0.028247922582482394
3,ca_dist_384_1465_A,has_bridge,1486,-0.049118173054223564
3,ca_dist_384_1465_A,event_count,1486,-0.05467688129699433
3,ca_dist_1778_1464_A,has_bridge,1486,0.054981940635376224
3,ca_dist_1778_1464_A,event_count,1486,0.0594510122969219
3,ca_dist_926_1463_A,has_bridge,1486,0.02754287450686137
3,ca_dist_926_1463_A,event_count,1486,0.0008297781134861462
3,ca_dist_1781_1820_A,has_bridge,1486,-0.0902767721500485
3,ca_dist_1781_1820_A,event_count,1486,-0.1241347615428502
3,ca_dist_925_1463_A,has_bridge,1486,-0.000176754720945164
3,ca_dist_925_1463_A,event_count,1486,-0.03520256140636587
3,ca_dist_384_920_A,has_bridge,1486,0.0348627644835652
3,ca_dist_384_920_A,event_count,1486,0.07496923900654327
3,ca_dist_926_1466_A,has_bridge,1486,0.04827087251271357
3,ca_dist_926_1466_A,event_count,1486,-0.00378558841388645
3,ca_dist_918_1462_A,has_bridge,1486,-0.032581786834649386
3,ca_dist_918_1462_A,event_count,1486,-0.04384489594284592
3,ca_dist_1778_1782_A,has_bridge,1486,0.027329646589725635
3,ca_dist_1778_1782_A,event_count,1486,0.10937370554766515
3,ca_dist_354_926_A,has_bridge,1486,-0.009261386234493898
3,ca_dist_354_926_A,event_count,1486,0.03508258659559151
3,ca_dist_357_1461_A,has_bridge,1486,0.022503962169859688
3,ca_dist_357_1461_A,event_count,1486,0.11858353017746155
3,ca_dist_384_916_A,has_bridge,1486,0.029551705963736706
3,ca_dist_384_916_A,event_count,1486,0.06632814223430707
3,ca_dist_1777_1465_A,has_bridge,1486,0.04192453635323911
3,ca_dist_1777_1465_A,event_count,1486,0.06227165338222366
3,ca_dist_925_1465_A,has_bridge,1486,0.029602207258450506
3,ca_dist_925_1465_A,event_count,1486,-0.01801723551800082
3,ca_dist_384_875_A,has_bridge,1486,0.054555484851372044
3,ca_dist_384_875_A,event_count,1486,0.12276757994306119
3,ca_dist_384_921_A,has_bridge,1486,0.005726291832525075
3,ca_dist_384_921_A,event_count,1486,0.031812462861786406
3,ca_dist_1816_1463_A,has_bridge,1486,-0.020674691108503652
3,ca_dist_1816_1463_A,event_count,1486,-0.07979227499146484
3,ca_dist_355_387_A,has_bridge,1486,-0.04948571060366353
3,ca_dist_355_387_A,event_count,1486,-0.04122673724171639
3,ca_dist_356_925_A,has_bridge,1486,-0.03693612541655689
3,ca_dist_356_925_A,event_count,1486,-0.05014608314873583
3,ca_dist_354_1461_A,has_bridge,1486,0.0018517161241874323
3,ca_dist_354_1461_A,event_count,1486,0.034984301059036146
3,ca_dist_384_926_A,has_bridge,1486,-0.025191756134359495
3,ca_dist_384_926_A,event_count,1486,-0.01022764373059083
3,ca_dist_354_1780_A,has_bridge,1486,-0.05913427380881298
3,ca_dist_354_1780_A,event_count,1486,-0.10710335182328715
3,ca_dist_355_924_A,has_bridge,1486,-0.04186842374351786
3,ca_dist_355_924_A,event_count,1486,-0.03005499808180011
3,ca_dist_1776_1781_A,has_bridge,1486,-0.009536338030846674
3,ca_dist_1776_1781_A,event_count,1486,0.03432919661884191
3,ca_dist_384_960_A,has_bridge,1486,0.02740820421834925
3,ca_dist_384_960_A,event_count,1486,0.012851651392657431
3,ca_dist_925_1459_A,has_bridge,1486,0.016881478696376566
3,ca_dist_925_1459_A,event_count,1486,-0.026353114632384326
3,ca_dist_956_1464_A,has_bridge,1486,-0.09363230629698323
3,ca_dist_956_1464_A,event_count,1486,-0.2586247461045739
3,ca_dist_384_918_A,has_bridge,1486,0.018738806050678573
3,ca_dist_384_918_A,event_count,1486,0.03569594658049026
3,ca_dist_926_1460_A,has_bridge,1486,0.021392932456230227
3,ca_dist_926_1460_A,event_count,1486,-0.00802347555977574
3,ca_dist_1778_1465_A,has_bridge,1486,0.02908035998804279
3,ca_dist_1778_1465_A,event_count,1486,0.04138291485506008
3,ca_dist_353_355_A,has_bridge,1486,-0.004859352006303747
3,ca_dist_353_355_A,event_count,1486,0.03480615607796025
3,ca_dist_925_1461_A,has_bridge,1486,-0.02597733271795672
3,ca_dist_925_1461_A,event_count,1486,-0.018333089512840316
3,ca_dist_1777_1782_A,has_bridge,1486,0.011747174845145696
3,ca_dist_1777_1782_A,event_count,1486,0.10101423385051973
3,ca_dist_1820_1463_A,has_bridge,1486,-0.059050104894154146
3,ca_dist_1820_1463_A,event_count,1486,-0.11846228919530499
3,ca_dist_351_356_A,has_bridge,1486,0.013565223400114509
3,ca_dist_351_356_A,event_count,1486,0.07132649374113104
3,ca_dist_353_926_A,has_bridge,1486,-0.023174507836067525
3,ca_dist_353_926_A,event_count,1486,0.013195782521632924
3,ca_dist_357_1781_A,has_bridge,1486,-0.013660614849129879
3,ca_dist_357_1781_A,event_count,1486,-5.256454920086345e-05
3,ca_dist_923_1816_A,has_bridge,1486,0.021611771653901712
3,ca_dist_923_1816_A,event_count,1486,-0.009042511889355589
3,ca_dist_384_917_A,has_bridge,1486,0.03576898309951875
3,ca_dist_384_917_A,event_count,1486,0.07059338068833121
3,ca_dist_1776_1465_A,has_bridge,1486,0.021275096014717117
3,ca_dist_1776_1465_A,event_count,1486,0.024665031368554705
3,ca_dist_926_1459_A,has_bridge,1486,0.04606564707701472
3,ca_dist_926_1459_A,event_count,1486,0.0026290184408310296
3,ca_dist_926_1461_A,has_bridge,1486,0.013576445922058762
3,ca_dist_926_1461_A,event_count,1486,0.028802916102121864
3,ca_dist_1776_1464_A,has_bridge,1486,0.03702871122276626
3,ca_dist_1776_1464_A,event_count,1486,0.019560151576368416
