system,replica,feature,contact_residue,frames,contact_occupancy,spearman_rho
Z944,1,ca_dist_1820_1462_A,1462,101,0.46534653465346537,0.0680839475171389
Z944,1,ca_dist_355_387_A,387,101,0.38613861386138615,0.17298724004591456
Z944,1,ca_dist_355_388_A,388,101,0.42574257425742573,-0.043269598165262324
Z944,1,ca_dist_357_1462_A,1462,101,0.46534653465346537,0.0871474528219378
Z944,1,ca_dist_384_1463_A,384,101,0.21782178217821782,-0.029618847239986024
Z944,1,ca_dist_384_1465_A,384,101,0.21782178217821782,0.024682372699988353
Z944,1,ca_dist_384_1466_A,384,101,0.21782178217821782,0.10366596533995108
Z944,1,ca_dist_384_872_A,384,101,0.21782178217821782,0.02139138967332324
Z944,1,ca_dist_384_875_A,384,101,0.21782178217821782,-0.009050203323329063
Z944,1,ca_dist_384_876_A,384,101,0.21782178217821782,-0.0304415929966523
Z944,1,ca_dist_384_916_A,384,101,0.21782178217821782,-0.045251016616645316
Z944,1,ca_dist_384_917_A,384,101,0.21782178217821782,-0.038669050563315086
Z944,1,ca_dist_384_918_A,384,101,0.21782178217821782,0.013986677863326736
Z944,1,ca_dist_384_919_A,384,101,0.21782178217821782,-0.0304415929966523
Z944,1,ca_dist_384_920_A,384,101,0.21782178217821782,-0.04442827085997903
Z944,1,ca_dist_384_920_A,920,101,0.9207920792079208,0.013832375007766061
Z944,1,ca_dist_384_921_A,384,101,0.21782178217821782,0.001645491513332557
Z944,1,ca_dist_384_921_A,921,101,0.8811881188118812,0.04093261756150246
Z944,1,ca_dist_384_926_A,384,101,0.21782178217821782,0.1225891177432755
Z944,1,ca_dist_384_948_A,384,101,0.21782178217821782,0.09626125352995459
Z944,1,ca_dist_384_950_A,384,101,0.21782178217821782,0.05841494872330578
Z944,1,ca_dist_384_960_A,384,101,0.21782178217821782,-0.027150609969987187
Z944,1,ca_dist_387_955_A,387,101,0.38613861386138615,-0.10323432067256191
Z944,1,ca_dist_918_1462_A,1462,101,0.46534653465346537,-0.017701826354456118
Z944,2,ca_dist_1820_1462_A,1462,50,0.28,0.037040212774409394
Z944,2,ca_dist_355_387_A,387,50,0.24,0.09410724758788132
Z944,2,ca_dist_355_388_A,388,50,0.42,0.22604490834610985
Z944,2,ca_dist_357_1462_A,1462,50,0.28,0.2315013298400587
Z944,2,ca_dist_384_1463_A,384,50,0.28,-0.08025379434455368
Z944,2,ca_dist_384_1465_A,384,50,0.28,-0.04630026596801174
Z944,2,ca_dist_384_1466_A,384,50,0.28,-0.09568721633389093
Z944,2,ca_dist_384_872_A,384,50,0.28,-0.20372117025925165
Z944,2,ca_dist_384_872_A,872,50,0.38,-0.23556122065085128
Z944,2,ca_dist_384_875_A,384,50,0.28,-0.34570865256115435
Z944,2,ca_dist_384_875_A,875,50,0.12,-0.11515141941940263
Z944,2,ca_dist_384_876_A,384,50,0.28,-0.25928148942086576
Z944,2,ca_dist_384_876_A,876,50,0.1,0.205577815506987
Z944,2,ca_dist_384_916_A,384,50,0.28,-0.23458801423792613
Z944,2,ca_dist_384_917_A,384,50,0.28,-0.24076138303366107
Z944,2,ca_dist_384_917_A,917,50,0.5,-0.0374197821484628
Z944,2,ca_dist_384_918_A,384,50,0.28,-0.20372117025925165
Z944,2,ca_dist_384_919_A,384,50,0.28,-0.19446111706564928
Z944,2,ca_dist_384_920_A,384,50,0.28,-0.3179284929803473
Z944,2,ca_dist_384_920_A,920,50,0.88,-0.3028055843991699
Z944,2,ca_dist_384_921_A,384,50,0.28,-0.22224127664645635
Z944,2,ca_dist_384_921_A,921,50,0.72,-0.1882877482699144
Z944,2,ca_dist_384_926_A,384,50,0.28,-0.058647003559481534
Z944,2,ca_dist_384_948_A,384,50,0.28,-0.11420732272109563
Z944,2,ca_dist_384_950_A,384,50,0.28,-0.049386950365879194
Z944,2,ca_dist_384_960_A,384,50,0.28,-0.2376746986357936
Z944,2,ca_dist_387_955_A,387,50,0.24,-0.19145957267879302
Z944,2,ca_dist_918_1462_A,1462,50,0.28,0.09260053193602348
Z944,3,ca_dist_1781_1816_A,1816,50,0.06,0.18382665829627504
Z944,3,ca_dist_1781_1820_A,1820,50,0.1,0.11318329168362205
Z944,3,ca_dist_1816_1463_A,1816,50,0.06,0.05543978583538454
Z944,3,ca_dist_1820_1462_A,1820,50,0.1,-0.15938055359530454
Z944,3,ca_dist_1820_1462_A,1462,50,0.76,-0.07139170506666857
Z944,3,ca_dist_1820_1463_A,1820,50,0.1,-0.06698602977193958
Z944,3,ca_dist_355_387_A,387,50,0.2,-0.10740863394466175
Z944,3,ca_dist_355_388_A,388,50,0.3,-0.31301719335190675
Z944,3,ca_dist_357_1462_A,1462,50,0.76,-0.06165647255757741
Z944,3,ca_dist_384_1463_A,384,50,0.1,-0.18247918455114576
Z944,3,ca_dist_384_1465_A,384,50,0.1,-0.23791589884516473
Z944,3,ca_dist_384_1466_A,384,50,0.1,-0.11318329168362205
Z944,3,ca_dist_384_872_A,384,50,0.1,0.039267672624930104
Z944,3,ca_dist_384_875_A,384,50,0.1,0.04388739881609834
Z944,3,ca_dist_384_876_A,384,50,0.1,0.06698602977193958
Z944,3,ca_dist_384_916_A,384,50,0.1,-0.2656342559921742
Z944,3,ca_dist_384_917_A,384,50,0.1,-0.242535625036333
Z944,3,ca_dist_384_917_A,917,50,0.34,-0.07167903480528734
Z944,3,ca_dist_384_918_A,384,50,0.1,-0.21019754169815524
Z944,3,ca_dist_384_919_A,384,50,0.1,-0.2471553512275012
Z944,3,ca_dist_384_920_A,384,50,0.1,-0.27025398218334246
Z944,3,ca_dist_384_920_A,920,50,0.5,0.08454098929837892
Z944,3,ca_dist_384_921_A,384,50,0.1,-0.2332961726539965
Z944,3,ca_dist_384_921_A,921,50,0.7,0.26462806201248157
Z944,3,ca_dist_384_926_A,384,50,0.1,-0.3765076845802121
Z944,3,ca_dist_384_948_A,384,50,0.1,-0.12242274406595854
Z944,3,ca_dist_384_950_A,384,50,0.1,-0.08546493453661258
Z944,3,ca_dist_384_960_A,384,50,0.1,0.04388739881609834
Z944,3,ca_dist_387_955_A,387,50,0.2,-0.12473260716154266
Z944,3,ca_dist_918_1462_A,1462,50,0.76,-0.08437201507879015
Z944,3,ca_dist_923_1816_A,1816,50,0.06,-0.11963322206582978
Z944,3,ca_dist_956_1464_A,956,50,0.88,0.16206496066434442
mZ944,1,ca_dist_1777_1464_A,1777,101,0.27722772277227725,0.22380619689297893
mZ944,1,ca_dist_1777_1465_A,1777,101,0.27722772277227725,0.2526354697130915
mZ944,1,ca_dist_1777_1782_A,1777,101,0.27722772277227725,0.14338769902634924
mZ944,1,ca_dist_1781_1816_A,1816,101,0.25742574257425743,-0.28583871455606713
mZ944,1,ca_dist_1816_1463_A,1816,101,0.25742574257425743,-0.2330206912141852
mZ944,1,ca_dist_353_1461_A,353,101,0.3564356435643564,-0.013472128277364707
mZ944,1,ca_dist_353_355_A,353,101,0.3564356435643564,-0.06877876015286191
mZ944,1,ca_dist_353_926_A,353,101,0.3564356435643564,-0.032616731618882976
mZ944,1,ca_dist_384_1463_A,384,101,0.297029702970297,-0.1077627678734191
mZ944,1,ca_dist_384_1465_A,384,101,0.297029702970297,-0.06540085222662674
mZ944,1,ca_dist_384_1466_A,384,101,0.297029702970297,-0.002972766010301216
mZ944,1,ca_dist_384_872_A,384,101,0.297029702970297,0.000743191502575304
mZ944,1,ca_dist_384_875_A,384,101,0.297029702970297,0.03344361761588868
mZ944,1,ca_dist_384_876_A,384,101,0.297029702970297,0.12634255543780168
mZ944,1,ca_dist_384_916_A,384,101,0.297029702970297,0.22667340828546773
mZ944,1,ca_dist_384_917_A,384,101,0.297029702970297,0.12485617243265107
mZ944,1,ca_dist_384_917_A,917,101,0.22772277227722773,-0.0979861486649291
mZ944,1,ca_dist_384_918_A,384,101,0.297029702970297,0.11668106590432271
mZ944,1,ca_dist_384_919_A,384,101,0.297029702970297,0.13228808745840412
mZ944,1,ca_dist_384_920_A,384,101,0.297029702970297,0.15309744953051263
mZ944,1,ca_dist_384_920_A,920,101,0.39603960396039606,0.08610280684269785
mZ944,1,ca_dist_384_921_A,384,101,0.297029702970297,-0.028241277097861554
mZ944,1,ca_dist_384_921_A,921,101,0.9306930693069307,-0.12435422318189206
mZ944,1,ca_dist_384_926_A,384,101,0.297029702970297,0.03418680911846399
mZ944,1,ca_dist_384_948_A,384,101,0.297029702970297,0.14120638548930775
mZ944,1,ca_dist_384_950_A,384,101,0.297029702970297,0.049793830672545364
mZ944,1,ca_dist_384_960_A,384,101,0.297029702970297,-0.025268511087560338
mZ944,1,ca_dist_923_1816_A,1816,101,0.25742574257425743,-0.35419145064556146
mZ944,1,ca_dist_956_1464_A,956,101,0.7425742574257426,-0.006990620736425555
mZ944,2,ca_dist_1781_1820_A,1820,50,0.3,0.06502289523735262
mZ944,2,ca_dist_1820_1462_A,1820,50,0.3,0.2192632513817704
mZ944,2,ca_dist_1820_1462_A,1462,50,0.8,0.5335783750799326
mZ944,2,ca_dist_1820_1463_A,1820,50,0.3,0.23438485492534084
mZ944,2,ca_dist_355_387_A,387,50,0.36,0.10683116817076571
mZ944,2,ca_dist_355_388_A,388,50,0.76,0.22066527020606655
mZ944,2,ca_dist_357_1462_A,1462,50,0.8,0.4920008393594183
mZ944,2,ca_dist_384_872_A,872,50,0.12,0.042648673859038005
mZ944,2,ca_dist_384_917_A,917,50,0.58,-0.04914019746654562
mZ944,2,ca_dist_384_920_A,920,50,0.84,0.13609443189213338
mZ944,2,ca_dist_387_955_A,387,50,0.36,-0.07507055060648402
mZ944,2,ca_dist_918_1462_A,1462,50,0.8,-0.11433822323141411
mZ944,2,ca_dist_956_1464_A,956,50,0.94,0.27136316224688223
mZ944,3,ca_dist_1781_1820_A,1820,50,0.22,0.19906541544688172
mZ944,3,ca_dist_1820_1462_A,1820,50,0.22,0.05520301436762266
mZ944,3,ca_dist_1820_1462_A,1462,50,0.86,0.06590345624791484
mZ944,3,ca_dist_1820_1463_A,1820,50,0.22,-0.021746642023608927
mZ944,3,ca_dist_355_387_A,387,50,0.06,0.18966242522631552
mZ944,3,ca_dist_355_388_A,388,50,0.2,0.20095808931581874
mZ944,3,ca_dist_357_1462_A,1462,50,0.86,0.13380398692758466
mZ944,3,ca_dist_384_917_A,917,50,0.64,-0.14147911460452756
mZ944,3,ca_dist_384_920_A,920,50,0.32,-0.1693491030572824
mZ944,3,ca_dist_384_921_A,921,50,0.84,0.01134120265767778
mZ944,3,ca_dist_387_955_A,387,50,0.06,-0.0671113196954655
mZ944,3,ca_dist_918_1462_A,1462,50,0.86,-0.04593271193036489
mZ944,3,ca_dist_956_1464_A,956,50,0.8,-0.19749329467244256
