system,replica,residue,frames,occupancy
Z944,1,1462,101,0.46534653465346537
Z944,1,387,101,0.38613861386138615
Z944,1,388,101,0.42574257425742573
Z944,1,384,101,0.21782178217821782
Z944,1,872,101,0.019801980198019802
Z944,1,917,101,0.9603960396039604
Z944,1,920,101,0.9207920792079208
Z944,1,921,101,0.8811881188118812
Z944,1,956,101,1.0
Z944,2,1816,50,0.0
Z944,2,1820,50,0.0
Z944,2,1462,50,0.28
Z944,2,387,50,0.24
Z944,2,388,50,0.42
Z944,2,384,50,0.28
Z944,2,872,50,0.38
Z944,2,875,50,0.12
Z944,2,876,50,0.1
Z944,2,917,50,0.5
Z944,2,920,50,0.88
Z944,2,921,50,0.72
Z944,2,955,50,0.0
Z944,2,956,50,0.98
Z944,3,1777,50,0.02
Z944,3,1816,50,0.06
Z944,3,1820,50,0.1
Z944,3,1462,50,0.76
Z944,3,353,50,0.02
Z944,3,387,50,0.2
Z944,3,388,50,0.3
Z944,3,384,50,0.1
Z944,3,872,50,0.0
Z944,3,917,50,0.34
Z944,3,920,50,0.5
Z944,3,921,50,0.7
Z944,3,956,50,0.88
mZ944,1,1776,101,0.0297029702970297
mZ944,1,1777,101,0.27722772277227725
mZ944,1,1816,101,0.25742574257425743
mZ944,1,1462,101,1.0
mZ944,1,353,101,0.3564356435643564
mZ944,1,387,101,0.009900990099009901
mZ944,1,384,101,0.297029702970297
mZ944,1,872,101,0.009900990099009901
mZ944,1,917,101,0.22772277227722773
mZ944,1,920,101,0.39603960396039606
mZ944,1,921,101,0.9306930693069307
mZ944,1,956,101,0.7425742574257426
mZ944,2,1816,50,0.0
mZ944,2,1820,50,0.3
mZ944,2,1462,50,0.8
mZ944,2,351,50,0.0
mZ944,2,353,50,0.02
mZ944,2,387,50,0.36
mZ944,2,388,50,0.76
mZ944,2,384,50,0.0
mZ944,2,872,50,0.12
mZ944,2,876,50,0.0
mZ944,2,917,50,0.58
mZ944,2,920,50,0.84
mZ944,2,921,50,0.98
mZ944,2,956,50,0.94
mZ944,3,1816,50,0.0
mZ944,3,1820,50,0.22
mZ944,3,1462,50,0.86
mZ944,3,353,50,0.0
mZ944,3,387,50,0.06
mZ944,3,388,50,0.2
mZ944,3,384,50,0.0
mZ944,3,872,50,0.0
mZ944,3,917,50,0.64
mZ944,3,920,50,0.32
mZ944,3,921,50,0.84
mZ944,3,956,50,0.8
