system,feature,contact_residue,run1_rho,run2_rho,run3_rho,sign_consistent,mean_rho,minimum_absolute_rho
Z944,ca_dist_387_955_A,387,-0.10323432067256191,-0.19145957267879302,-0.12473260716154266,True,-0.1398088335042992,0.10323432067256191
mZ944,ca_dist_384_917_A,917,-0.0979861486649291,-0.04914019746654562,-0.14147911460452756,True,-0.0962018202453341,0.04914019746654562
Z944,ca_dist_384_916_A,384,-0.045251016616645316,-0.23458801423792613,-0.2656342559921742,True,-0.18182442894891523,0.045251016616645316
Z944,ca_dist_384_920_A,384,-0.04442827085997903,-0.3179284929803473,-0.27025398218334246,True,-0.21087024867455625,0.04442827085997903
Z944,ca_dist_384_917_A,384,-0.038669050563315086,-0.24076138303366107,-0.242535625036333,True,-0.17398868621110306,0.038669050563315086
Z944,ca_dist_384_919_A,384,-0.0304415929966523,-0.19446111706564928,-0.2471553512275012,True,-0.1573526870966009,0.0304415929966523
Z944,ca_dist_384_1463_A,384,-0.029618847239986024,-0.08025379434455368,-0.18247918455114576,True,-0.09745060871189515,0.029618847239986024
Z944,ca_dist_384_948_A,384,0.09626125352995459,-0.11420732272109563,-0.12242274406595854,False,-0.0467896044190332,0.09626125352995459
Z944,ca_dist_384_1466_A,384,0.10366596533995108,-0.09568721633389093,-0.11318329168362205,False,-0.03506818089252064,0.09568721633389093
Z944,ca_dist_355_387_A,387,0.17298724004591456,0.09410724758788132,-0.10740863394466175,False,0.05322861789637804,0.09410724758788132
mZ944,ca_dist_384_920_A,920,0.08610280684269785,0.13609443189213338,-0.1693491030572824,False,0.017616045225849603,0.08610280684269785
Z944,ca_dist_357_1462_A,1462,0.0871474528219378,0.2315013298400587,-0.06165647255757741,False,0.08566410336813969,0.06165647255757741
Z944,ca_dist_384_926_A,384,0.1225891177432755,-0.058647003559481534,-0.3765076845802121,False,-0.10418852346547271,0.058647003559481534
Z944,ca_dist_384_950_A,384,0.05841494872330578,-0.049386950365879194,-0.08546493453661258,False,-0.025478978726395332,0.049386950365879194
Z944,ca_dist_355_388_A,388,-0.043269598165262324,0.22604490834610985,-0.31301719335190675,False,-0.043413961057019744,0.043269598165262324
Z944,ca_dist_384_921_A,921,0.04093261756150246,-0.1882877482699144,0.26462806201248157,False,0.03909097710135654,0.04093261756150246
Z944,ca_dist_1820_1462_A,1462,0.0680839475171389,0.037040212774409394,-0.07139170506666857,False,0.011244151741626579,0.037040212774409394
Z944,ca_dist_384_876_A,384,-0.0304415929966523,-0.25928148942086576,0.06698602977193958,False,-0.07424568421519283,0.0304415929966523
Z944,ca_dist_384_960_A,384,-0.027150609969987187,-0.2376746986357936,0.04388739881609834,False,-0.07364596992989415,0.027150609969987187
Z944,ca_dist_384_1465_A,384,0.024682372699988353,-0.04630026596801174,-0.23791589884516473,False,-0.08651126403772937,0.024682372699988353
Z944,ca_dist_384_872_A,384,0.02139138967332324,-0.20372117025925165,0.039267672624930104,False,-0.04768736932033277,0.02139138967332324
Z944,ca_dist_918_1462_A,1462,-0.017701826354456118,0.09260053193602348,-0.08437201507879015,False,-0.003157769832407597,0.017701826354456118
Z944,ca_dist_384_918_A,384,0.013986677863326736,-0.20372117025925165,-0.21019754169815524,False,-0.13331067803136007,0.013986677863326736
Z944,ca_dist_384_920_A,920,0.013832375007766061,-0.3028055843991699,0.08454098929837892,False,-0.06814407336434163,0.013832375007766061
Z944,ca_dist_384_875_A,384,-0.009050203323329063,-0.34570865256115435,0.04388739881609834,False,-0.10362381902279504,0.009050203323329063
mZ944,ca_dist_956_1464_A,956,-0.006990620736425555,0.27136316224688223,-0.19749329467244256,False,0.022293082279338045,0.006990620736425555
Z944,ca_dist_384_921_A,384,0.001645491513332557,-0.22224127664645635,-0.2332961726539965,False,-0.15129731926237341,0.001645491513332557
