ligand,DZR1.6,DZR1.6,DZR1.6,DZR1.6,DZR1.6,DZR1.6,DZR1.6,DZR1.6,DZR1.6,DZR1.6,DZR1.6,DZR1.6,DZR1.6,DZR1.6,DZR1.6,DZR1.6,DZR1.6,DZR1.6,DZR1.6,DZR1.6,DZR1.6,DZR1.6,DZR1.6,DZR1.6,DZR1.6,DZR1.6,DZR1.6,DZR1.6,DZR1.6,DZR1.6,DZR1.6,DZR1.6,DZR1.6,DZR1.6,DZR1.6,DZR1.6,DZR1.6,DZR1.6,DZR1.6,DZR1.6,DZR1.6
protein,SER383.0,PHE384.0,ILE387.0,ASN388.0,ASN388.0,LEU391.0,PHE868.1,LEU872.1,LEU872.1,PHE875.1,ILE876.1,PHE917.1,PHE917.1,LEU920.1,LEU920.1,LEU920.1,THR921.1,THR921.1,GLN922.1,GLN922.1,GLY951.1,ASN952.1,ASN952.1,ASN952.1,LEU955.1,PHE956.1,PHE956.1,PHE956.1,LYS1462.2,LYS1462.2,LYS1462.2,LEU1498.2,LEU1498.2,LEU1499.2,ALA1502.2,LEU1506.2,PHE1509.2,GLN1816.4,LEU1819.4,VAL1820.4,VAL1823.4
interaction,VdWContact,VdWContact,VdWContact,HBAcceptor,VdWContact,VdWContact,Hydrophobic,Hydrophobic,VdWContact,VdWContact,VdWContact,Hydrophobic,VdWContact,Hydrophobic,HBDonor,VdWContact,PiCation,VdWContact,Hydrophobic,VdWContact,VdWContact,Hydrophobic,HBDonor,VdWContact,VdWContact,Hydrophobic,PiStacking,VdWContact,Hydrophobic,HBAcceptor,VdWContact,Hydrophobic,VdWContact,VdWContact,VdWContact,VdWContact,VdWContact,VdWContact,VdWContact,VdWContact,VdWContact
Frame,,,,,,,,,,,,,,,,,,,,,,,,,,,,,,,,,,,,,,,,,
0,False,False,False,False,False,True,False,False,True,False,False,False,False,True,False,False,False,False,False,False,True,False,True,True,False,True,False,True,False,True,True,False,False,False,False,False,False,False,False,False,False
300,False,False,False,False,False,False,False,False,True,False,False,False,False,True,False,True,False,True,False,True,True,True,True,True,False,True,False,True,False,True,True,False,False,False,False,False,False,False,False,False,False
600,False,True,False,False,False,False,True,False,True,False,False,False,False,True,False,False,False,True,True,True,True,False,True,True,False,True,False,False,False,False,False,False,False,False,False,False,False,False,False,False,False
900,False,False,False,False,False,False,False,True,True,False,False,True,False,True,False,True,False,True,False,False,True,False,True,True,False,False,False,True,False,True,True,False,False,False,False,False,False,False,False,True,False
1200,False,False,False,False,False,False,False,True,True,False,False,True,False,True,False,True,False,True,False,True,True,False,True,True,False,True,False,True,False,True,True,False,False,False,False,False,False,False,False,False,False
1500,False,False,False,False,False,False,False,False,True,False,False,True,False,True,False,False,False,True,False,True,False,True,True,True,False,True,False,True,False,True,True,False,False,False,False,False,False,False,False,False,False
1800,False,True,False,False,False,False,False,False,False,False,False,False,False,True,False,False,False,True,False,False,False,False,True,True,True,True,False,True,False,False,True,False,False,False,False,False,False,False,False,False,True
2100,False,True,False,False,False,False,False,False,True,False,False,False,False,True,False,True,False,True,False,False,True,True,True,True,False,True,False,True,False,True,True,False,False,False,False,False,False,False,False,False,False
2400,False,False,False,False,False,False,False,False,True,False,False,False,False,True,False,True,False,True,False,False,True,True,True,True,True,True,False,True,False,False,True,False,False,False,False,False,False,False,False,False,False
2700,False,True,False,False,False,False,False,False,False,False,False,True,True,True,False,False,False,True,False,False,True,True,True,True,True,True,False,True,False,False,False,False,False,False,False,False,False,False,False,True,True
3000,False,False,False,False,False,False,False,False,False,False,False,True,True,True,True,True,False,True,True,False,False,False,False,True,False,True,False,True,False,True,True,False,False,False,False,False,False,False,False,False,True
3300,False,False,False,False,False,False,False,False,False,False,False,True,False,True,False,False,False,True,False,False,False,False,True,True,False,True,False,True,False,True,True,False,False,False,False,False,False,False,False,False,True
3600,False,False,False,False,False,False,False,False,False,False,False,True,False,True,False,False,False,False,False,True,False,True,True,True,False,True,True,False,False,False,False,False,False,False,False,False,False,False,False,False,False
3900,False,False,False,False,False,False,False,False,True,False,False,True,False,True,False,False,False,False,False,True,False,True,True,True,False,True,False,True,False,False,False,False,False,False,False,False,False,False,False,False,False
4200,False,True,False,True,True,False,False,False,False,False,False,False,False,True,False,True,False,False,False,True,False,False,True,True,False,True,False,True,False,False,False,False,False,False,False,False,False,True,True,False,False
4500,False,False,False,False,True,False,False,True,False,True,False,True,True,True,False,True,False,True,True,False,True,True,True,True,False,True,False,False,False,False,False,False,False,False,False,False,False,False,False,False,False
4800,False,False,False,False,False,True,False,False,False,False,False,True,False,True,False,False,False,False,False,False,False,True,True,True,False,True,False,True,False,False,False,False,False,False,False,False,False,False,False,True,True
5100,False,False,True,False,False,False,False,False,True,False,False,False,False,True,False,False,False,False,True,True,False,False,False,True,True,True,False,True,False,False,False,False,False,False,False,False,False,False,False,False,False
5400,False,False,False,False,False,False,False,False,False,False,False,True,True,True,False,True,False,False,False,False,False,False,False,True,False,True,False,True,False,False,False,False,False,False,False,False,False,False,False,False,True
5700,False,True,False,False,False,False,False,True,True,True,False,True,False,True,False,True,False,True,True,False,True,True,True,True,False,True,False,False,False,False,False,False,False,False,False,False,False,False,False,False,False
6000,False,True,False,False,True,False,False,False,False,False,True,False,False,True,False,False,False,False,False,True,False,True,True,True,False,True,False,True,False,False,False,False,False,False,False,False,False,False,False,False,False
6300,False,True,False,False,True,False,False,False,True,False,False,False,False,True,False,True,False,False,False,False,False,True,True,True,False,True,False,True,False,False,False,False,False,False,False,False,False,False,False,False,False
6600,False,True,False,False,False,False,False,False,False,True,False,True,False,True,False,True,False,False,False,False,False,True,True,True,False,True,False,True,False,False,False,False,False,True,False,False,False,False,True,False,False
6900,False,False,True,False,True,False,False,False,False,False,False,True,False,True,False,True,False,True,True,True,False,False,True,True,False,True,True,False,False,False,False,False,False,False,False,False,False,False,False,False,True
7200,False,True,False,False,False,False,False,True,True,False,False,False,False,False,False,False,False,False,False,False,True,True,True,True,False,True,False,True,False,False,True,False,False,False,False,False,False,False,False,False,False
7500,False,False,False,False,False,False,False,False,False,False,False,True,False,True,False,False,False,False,False,True,True,True,True,True,False,True,False,True,False,False,False,False,False,False,False,False,False,False,False,False,False
7800,False,False,False,False,True,False,False,False,False,False,True,True,False,True,False,True,False,True,True,False,True,True,True,True,False,True,False,True,False,False,False,False,False,False,False,False,False,False,False,False,False
8100,False,True,False,False,True,False,False,False,False,False,False,False,False,True,False,True,False,True,False,False,False,False,True,True,False,True,False,True,False,False,False,False,False,False,False,False,False,False,False,False,True
8400,False,True,False,False,True,False,False,False,False,False,False,False,False,False,False,False,False,True,False,False,False,True,False,False,False,False,False,False,False,False,False,True,False,False,False,False,False,False,False,False,True
8700,False,False,True,False,False,False,False,False,False,False,False,False,False,False,False,False,False,True,False,True,False,True,False,False,False,False,False,False,False,False,False,False,False,False,True,False,False,False,True,False,True
9000,False,True,False,False,True,False,False,False,False,False,False,False,False,False,False,False,False,True,False,True,False,False,False,False,False,True,False,True,False,False,False,True,True,False,False,False,False,False,False,False,True
9300,False,True,False,False,True,True,False,False,False,False,False,False,False,False,False,True,False,False,False,True,False,True,False,False,False,True,False,False,False,False,True,True,True,False,True,False,False,False,False,False,False
9600,False,True,False,False,True,False,False,False,False,False,False,False,False,False,False,False,False,True,False,True,False,True,False,False,False,True,False,False,True,False,False,True,False,False,False,False,False,False,False,False,False
9900,False,True,True,False,True,False,False,False,False,False,False,True,False,False,False,True,False,True,False,False,False,True,False,False,False,False,False,True,True,False,True,True,True,False,False,False,False,False,False,False,False
10200,False,False,False,False,True,False,False,False,False,False,False,True,False,False,False,False,False,True,False,False,False,True,False,False,False,True,False,False,True,False,False,False,True,False,False,False,False,False,False,False,True
10500,False,True,False,False,True,True,False,False,False,False,False,True,False,False,False,False,False,True,False,False,False,True,False,False,False,True,False,False,True,False,True,False,True,False,False,False,False,False,False,False,False
10800,False,False,False,False,False,False,False,False,False,False,False,False,False,False,False,False,False,False,False,False,False,False,False,False,False,True,False,False,True,False,True,True,True,False,False,False,False,False,False,False,False
11100,True,False,False,False,True,False,False,False,False,False,False,True,False,False,False,True,True,True,False,True,False,False,False,False,False,False,False,False,True,False,False,False,False,False,False,False,False,False,False,False,False
11400,False,False,False,False,False,False,False,False,False,False,False,True,False,False,False,False,False,False,False,False,False,False,False,False,False,True,False,False,True,False,True,False,False,False,False,False,False,False,False,False,False
11700,True,False,False,False,True,False,False,False,False,False,False,False,False,False,False,False,False,False,False,True,False,True,False,True,False,True,False,False,True,False,True,False,True,False,True,False,False,False,False,False,True
12000,False,False,False,False,False,True,False,False,False,False,False,True,False,False,False,False,False,True,False,False,False,True,False,False,False,True,False,True,True,False,True,False,False,False,True,False,False,False,False,False,False
12300,False,True,False,False,True,False,False,False,False,False,False,True,True,True,False,True,False,True,False,True,False,True,False,False,False,True,True,True,False,False,True,False,False,False,False,False,False,False,False,False,False
12600,False,False,False,False,False,False,False,False,False,False,False,False,False,True,False,True,False,False,False,True,True,False,True,True,False,True,False,False,False,False,False,False,False,False,False,False,False,False,False,False,True
12900,False,True,False,False,False,False,False,True,True,False,False,False,False,True,False,True,False,True,True,False,True,True,True,True,False,True,False,False,False,False,False,False,False,False,False,False,False,False,False,False,False
13200,False,False,False,False,False,False,False,False,False,False,True,True,True,True,False,True,False,True,True,True,True,True,True,True,False,True,False,False,False,False,False,False,False,False,False,False,False,False,False,False,False
13500,False,False,True,False,True,False,False,False,False,False,False,False,False,True,False,False,False,True,True,False,True,True,True,True,False,True,False,True,False,False,False,False,False,False,False,False,False,False,False,False,False
13800,False,False,True,False,False,False,False,False,True,False,False,True,True,True,False,True,False,True,True,False,True,False,True,True,False,True,False,True,False,False,False,False,False,False,False,False,False,False,False,False,False
14100,False,False,False,False,True,False,False,False,False,False,False,True,True,True,False,True,False,True,False,False,False,True,True,True,False,True,False,True,False,False,False,False,False,False,False,False,False,False,False,False,False
14400,False,True,True,False,True,False,False,False,False,True,False,False,False,True,False,True,False,False,False,False,True,True,True,True,False,True,False,True,False,False,False,False,False,False,False,False,False,False,False,False,False
14700,False,True,False,False,False,False,False,False,False,False,False,True,False,True,False,True,False,True,False,False,False,False,True,True,False,True,False,True,False,False,False,False,False,False,False,False,False,False,False,False,False
15000,False,False,False,False,True,False,False,False,True,False,False,False,False,True,False,False,False,False,True,False,True,False,False,False,False,True,False,True,False,False,False,False,False,False,False,False,False,False,True,False,True
15300,False,False,False,False,False,False,False,True,True,False,False,True,False,True,False,True,False,True,True,False,True,False,True,True,False,True,False,False,False,False,False,False,False,False,False,False,False,False,False,False,False
15600,False,False,False,False,True,False,False,False,False,False,False,True,True,True,False,False,False,True,False,False,True,True,True,True,False,True,False,True,False,False,False,False,False,False,False,False,False,False,False,False,False
15900,False,True,False,False,False,False,False,False,False,False,False,False,False,True,False,False,False,True,True,False,True,True,True,True,False,True,False,True,False,False,False,False,False,False,False,False,False,False,False,False,False
16200,False,False,True,False,False,True,False,False,True,False,False,False,False,True,False,True,False,True,True,True,True,True,True,True,False,True,False,True,False,False,False,False,False,False,False,False,False,False,False,False,False
16500,False,False,True,False,False,False,False,False,False,False,False,False,False,True,False,True,False,False,True,False,True,True,True,True,False,True,False,True,False,False,False,False,False,False,False,False,False,False,False,False,False
16800,False,True,False,False,True,False,False,False,False,False,False,False,True,True,False,True,False,True,True,False,True,True,True,True,False,True,False,False,False,False,False,False,False,False,False,False,False,False,False,False,False
17100,False,False,False,False,False,False,False,False,False,False,False,True,False,True,False,True,False,False,True,False,True,False,True,True,False,True,False,True,False,False,False,False,False,False,False,False,False,False,False,False,False
17400,False,False,False,False,False,False,False,False,False,False,True,False,False,True,False,True,False,True,False,False,False,True,True,True,False,True,False,True,False,False,False,False,False,False,False,False,False,False,False,False,False
17700,False,True,False,False,True,False,False,False,False,True,False,False,False,True,False,True,False,False,False,True,True,True,True,True,False,True,False,True,False,False,False,False,False,False,False,False,False,False,False,False,False
18000,False,False,True,False,True,False,False,False,True,False,False,True,False,True,False,False,False,True,False,False,True,True,True,True,False,True,False,True,False,False,False,False,False,False,False,False,False,False,False,False,False
18300,False,False,False,False,True,True,False,False,False,False,False,False,False,True,False,True,False,True,True,True,True,False,True,True,False,True,False,True,False,False,False,False,False,False,False,False,False,False,False,False,False
18600,False,False,True,False,False,False,False,True,True,False,True,False,False,True,False,True,False,True,True,True,True,True,True,True,False,True,False,False,False,False,False,False,False,False,False,False,False,False,False,False,False
18900,False,True,False,False,True,False,False,False,True,False,False,False,False,True,False,True,False,True,False,False,True,True,True,True,False,True,False,True,False,False,False,False,False,False,False,False,False,False,False,False,False
19200,False,True,False,False,True,False,False,False,True,False,False,False,False,True,False,True,False,True,True,False,True,True,True,True,False,True,False,True,False,False,False,False,False,False,False,False,False,False,False,False,True
19500,True,True,False,False,False,False,False,True,True,False,False,False,True,True,False,True,False,True,True,True,True,True,True,True,False,True,False,True,False,False,False,False,False,False,False,False,False,False,False,False,False
19800,False,False,False,False,False,False,False,False,False,True,False,False,False,True,False,True,False,True,False,False,True,True,True,True,False,True,False,True,False,False,False,False,False,False,False,False,True,False,False,False,False
20100,False,False,False,False,False,False,False,False,True,True,False,True,True,True,False,True,False,True,False,False,True,False,True,True,False,True,False,True,False,True,True,False,False,False,False,True,False,False,False,False,False
20400,False,False,True,False,True,False,False,False,False,False,False,False,True,True,False,True,False,False,False,False,True,True,True,True,False,True,False,False,False,False,False,False,False,False,False,False,False,False,False,False,True
20700,False,False,False,False,False,False,False,True,True,True,False,False,False,True,False,True,False,True,False,False,True,True,True,True,False,True,False,True,False,False,False,False,False,False,False,False,False,False,False,False,False
21000,False,False,True,False,True,False,False,False,True,False,False,False,False,True,False,False,False,False,False,False,True,True,True,True,False,True,False,True,False,False,False,False,False,False,False,False,False,False,False,False,False
21300,True,True,False,False,False,False,False,False,True,False,False,False,False,True,False,True,False,True,False,False,True,False,True,True,False,True,False,True,False,False,False,False,False,False,False,False,False,False,False,False,False
21600,False,False,False,False,False,False,False,False,True,False,True,False,False,True,False,True,False,False,False,True,True,True,True,True,False,True,False,True,False,False,False,False,False,False,False,False,False,False,False,False,True
21900,False,True,False,False,True,False,False,False,False,False,False,True,True,True,False,False,False,True,True,True,True,True,True,True,False,True,False,True,False,False,False,False,False,False,False,False,False,False,False,False,False
22200,False,False,True,False,False,False,False,False,False,True,False,False,False,True,False,True,False,True,True,True,True,False,True,True,False,True,False,False,False,False,False,False,False,False,False,False,False,False,False,False,False
22500,False,False,True,False,False,False,False,False,True,False,False,False,False,True,False,False,False,False,False,False,True,True,True,True,False,True,False,True,False,False,False,False,False,False,False,False,False,False,False,False,False
22800,False,False,False,False,False,False,False,False,False,False,False,False,False,True,False,True,False,True,False,False,True,False,True,True,False,True,False,True,False,False,False,False,False,False,False,False,False,False,False,False,True
23100,False,False,False,False,True,False,False,True,True,False,False,True,True,True,False,True,False,True,True,True,True,False,True,True,False,True,False,False,False,False,True,False,False,False,False,False,False,False,False,False,False
23400,False,False,False,False,False,False,False,False,False,False,False,True,False,True,False,True,False,False,False,False,True,False,False,False,False,True,False,True,False,False,True,False,False,False,False,False,False,False,False,False,False
23700,False,False,False,False,False,True,False,False,False,False,False,True,False,True,False,False,False,True,False,False,False,False,True,True,False,True,False,True,False,False,False,False,False,False,False,False,False,False,False,False,False
24000,False,False,False,False,False,True,False,False,True,False,False,False,False,True,False,False,False,True,False,True,False,False,True,True,False,True,False,True,False,False,False,False,False,False,False,False,True,False,False,False,False
24300,False,False,False,False,False,True,False,False,True,False,False,True,True,True,False,True,False,True,False,False,True,False,False,True,False,True,True,True,False,False,True,False,False,False,False,True,True,False,False,False,False
24600,False,False,False,False,False,False,False,False,False,False,True,True,True,True,False,True,False,True,False,False,False,False,True,True,False,False,False,True,False,True,True,False,False,False,False,True,False,False,False,False,False
24900,False,False,False,False,False,False,False,False,True,False,False,True,True,True,False,True,False,True,False,False,True,False,True,True,False,True,False,True,False,True,True,False,False,False,False,True,False,False,False,False,False
