residue	run1_frames	run1_percent	run2_frames	run2_percent	run3_frames	run3_percent
A:383:SER	1330	42.903226	927	62.382234	498	33.512786
B:957:ASN	1621	52.290323	410	27.590848	275	18.506057
B:921:THR	25	0.806452	521	35.060565	737	49.596231
C:1462:LYS	1277	41.193548	590	39.703903	360	24.226110
D:1816:GLN	118	3.806452	2	0.134590	443	29.811575
B:952:ASN	677	21.838710	217	14.602961	7	0.471063
B:922:GLN	349	11.258065	239	16.083445	95	6.393001
A:388:ASN	5	0.161290	84	5.652759	164	11.036339
B:920:LEU	41	1.322581	150	10.094213	4	0.269179
D:1777:THR	0	0.000000	3	0.201884	78	5.248991
A:387:ILE	92	2.967742	55	3.701211	5	0.336474
A:351:ILE	24	0.774194	34	2.288022	7	0.471063
B:953:TYR	7	0.225806	21	1.413190	3	0.201884
B:956:PHE	43	1.387097	0	0.000000	0	0.000000
A:352:THR	2	0.064516	1	0.067295	7	0.471063
C:1502:ALA	0	0.000000	6	0.403769	0	0.000000
A:384:PHE	6	0.193548	0	0.000000	5	0.336474
C:1498:LEU	8	0.258065	1	0.067295	0	0.000000
A:391:LEU	4	0.129032	0	0.000000	0	0.000000
B:951:GLY	0	0.000000	1	0.067295	0	0.000000
D:1778:GLY	0	0.000000	0	0.000000	1	0.067295
D:1819:LEU	0	0.000000	0	0.000000	1	0.067295
