system,replica,matched_state,frames,population
Apo,1,0,808,0.5383077948034644
Apo,1,1,693,0.46169220519653564
Apo,2,0,544,0.3624250499666889
Apo,2,1,957,0.6375749500333111
Apo,3,0,879,0.5856095936042638
Apo,3,1,622,0.41439040639573615
Z944,1,0,643,0.4283810792804797
Z944,1,1,858,0.5716189207195204
Z944,2,0,1377,0.9173884077281812
Z944,2,1,124,0.08261159227181879
Z944,3,0,696,0.463690872751499
Z944,3,1,805,0.536309127248501
mZ944,1,0,412,0.2744836775483011
mZ944,1,1,1089,0.7255163224516988
mZ944,2,0,344,0.229180546302465
mZ944,2,1,1157,0.770819453697535
mZ944,3,0,515,0.3431045969353764
mZ944,3,1,986,0.6568954030646236
