system,replica,matched_state,episodes,median_dwell_ns,max_dwell_ns
Apo,1,0,95,0.4,31.8
Apo,1,1,94,0.2,36.2
Apo,2,0,85,0.2,21.8
Apo,2,1,86,0.4,43.400000000000006
Apo,3,0,155,0.4,22.6
Apo,3,1,154,0.2,30.6
Z944,1,0,130,0.2,23.6
Z944,1,1,130,0.4,13.200000000000001
Z944,2,0,4,22.7,229.8
Z944,2,1,3,0.8,23.8
Z944,3,0,146,0.2,34.4
Z944,3,1,146,0.4,29.400000000000002
mZ944,1,0,60,0.2,27.8
mZ944,1,1,60,0.4,113.4
mZ944,2,0,23,0.2,62.800000000000004
mZ944,2,1,23,1.0,155.60000000000002
mZ944,3,0,39,0.2,77.0
mZ944,3,1,40,0.7000000000000001,60.400000000000006
