system,reference_replica,comparison_replica,reference_state,comparison_state,centroid_distance,reference_within_replica_state_separation,distance_to_separation_ratio
Apo,1,2,0,0,55.72951889038086,19.816816329956055,2.8122336864471436
Apo,1,2,1,1,50.392330169677734,19.816816329956055,2.542907476425171
Apo,1,3,1,0,48.93852233886719,19.816816329956055,2.4695451259613037
Apo,1,3,0,1,50.755027770996094,19.816816329956055,2.5612099170684814
Z944,1,2,1,0,45.12836837768555,17.6589412689209,2.555553436279297
Z944,1,2,0,1,51.35127639770508,17.6589412689209,2.907947540283203
Z944,1,3,0,0,50.65686798095703,17.6589412689209,2.868624210357666
Z944,1,3,1,1,50.447261810302734,17.6589412689209,2.8567545413970947
mZ944,1,2,0,0,45.641929626464844,20.156877517700195,2.2643353939056396
mZ944,1,2,1,1,39.707576751708984,20.156877517700195,1.9699269533157349
mZ944,1,3,1,0,43.78922653198242,20.156877517700195,2.1724212169647217
mZ944,1,3,0,1,42.3200798034668,20.156877517700195,2.0995354652404785
