comparison,resid,domain,signed_mapping_score,normalized_B_factor,structural_strength
mZ944_vs_Apo,353,DI,0.5118066845457688,5.945028928602747,0.5118066845457688
mZ944_vs_Apo,354,DI,2.959673702950883,34.37889014459391,2.959673702950883
mZ944_vs_Apo,355,DI,0.8565380199185433,9.949348964410577,0.8565380199185433
mZ944_vs_Apo,356,DI,1.5282410275609073,17.751696867325123,1.5282410275609073
mZ944_vs_Apo,357,DI,7.423976389852749,86.23520507964662,7.423976389852749
mZ944_vs_Apo,384,DI,-8.608985602801063,-100.0,8.608985602801063
mZ944_vs_Apo,916,DII,-0.5565820351979518,-6.465129120634834,0.5565820351979518
mZ944_vs_Apo,917,DII,-1.3801896515592913,-16.031966078677442,1.3801896515592913
mZ944_vs_Apo,918,DII,-0.9333697958109471,-10.841809231360093,0.9333697958109471
mZ944_vs_Apo,919,DII,-0.5963006485507718,-6.926491413306074,0.5963006485507718
mZ944_vs_Apo,920,DII,-0.79737592167001,-9.262135615728893,0.79737592167001
mZ944_vs_Apo,921,DII,-1.5728098599653237,-18.269398190811078,1.5728098599653237
mZ944_vs_Apo,923,DII,-0.49778377356807896,-5.782142014572745,0.49778377356807896
mZ944_vs_Apo,924,DII,0.8565380199185433,9.949348964410577,0.8565380199185433
mZ944_vs_Apo,925,DII,0.39772175370334206,4.619844567679812,0.39772175370334206
mZ944_vs_Apo,1460,DIII,1.7895889893479737,20.78745478173066,1.7895889893479737
mZ944_vs_Apo,1461,DIII,3.406423478676631,39.568232958460285,3.406423478676631
mZ944_vs_Apo,1462,DIII,1.1095870188385768,12.88870803172857,1.1095870188385768
mZ944_vs_Apo,1463,DIII,-1.8941488139123988,-22.00199769524657,1.8941488139123988
mZ944_vs_Apo,1465,DIII,-1.2873512635394824,-14.953576680632654,1.2873512635394824
mZ944_vs_Apo,1466,DIII,-0.6068024399678563,-7.048477811026006,0.6068024399678563
mZ944_vs_Apo,1780,DIV,0.8150149533304631,9.467026557290161,0.8150149533304631
mZ944_vs_Apo,1781,DIV,1.4207339737339213,16.502919615426748,6.143303356157766
mZ944_vs_Apo,1782,DIV,1.1233429460674775,13.048493723836417,1.1233429460674775
mZ944_vs_Apo,1816,DIV,-3.8750132921529707,-45.01126463601213,3.8750132921529707
