system,resid,resname,mean_any_contact,sd_any_contact,dominant_interaction,dominant_occupancy,domain,residue
Z944,353,LEU,0.011904761904761904,0.020619652471058063,VdWContact,0.011904761904761904,DI,Leu353
Z944,383,SER,0.026071799436285417,0.018966501600529838,VdWContact,0.026071799436285417,DI,Ser383
Z944,384,PHE,0.23917074618009196,0.09389786244852276,VdWContact,0.23917074618009196,DI,Phe384
Z944,387,ILE,0.2728452751817238,0.11563365815456594,VdWContact,0.2728452751817238,DI,Ile387
Z944,388,ASN,0.4108811748998665,0.02976330846961542,VdWContact,0.4108811748998665,DI,Asn388
Z944,391,LEU,0.14393265094199673,0.05374261746739334,VdWContact,0.14393265094199673,DI,Leu391
Z944,868,PHE,0.003968253968253968,0.006873217490352687,Hydrophobic,0.003968253968253968,DII,Phe868
Z944,872,LEU,0.14823468328141226,0.22230548101128592,VdWContact,0.14426642931315828,DII,Leu872
Z944,875,PHE,0.03571428571428571,0.06185895741317418,VdWContact,0.03571428571428571,DII,Phe875
Z944,876,ILE,0.027777777777777776,0.048112522432468816,VdWContact,0.027777777777777776,DII,Ile876
Z944,917,PHE,0.5598205014092864,0.3672130192546889,Hydrophobic,0.5360109775997627,DII,Phe917
Z944,920,LEU,0.7171413736834298,0.3130310149293546,VdWContact,0.5720219551995253,DII,Leu920
Z944,921,THR,0.7055333036641448,0.1611905854291566,VdWContact,0.665850763981605,DII,Thr921
Z944,922,GLN,0.4808262869010533,0.18922274779749976,VdWContact,0.3640780299658804,DII,Gln922
Z944,951,GLY,0.2054962171784602,0.32729644762101434,VdWContact,0.2054962171784602,DII,Gly951
Z944,952,ASN,0.8623349651387034,0.15777114083168078,VdWContact,0.7144711467141374,DII,Asn952
Z944,953,TYR,0.1261311378133808,0.21042373585131705,Hydrophobic,0.09126984126984128,DII,Tyr953
Z944,955,LEU,0.015873015873015872,0.02749286996141075,VdWContact,0.015873015873015872,DII,Leu955
Z944,956,PHE,0.9642857142857143,0.035714285714285726,Hydrophobic,0.9047619047619048,DII,Phe956
Z944,957,ASN,0.009345794392523364,0.01618739072494278,VdWContact,0.009345794392523364,Other,Asn957
Z944,1462,LYS,0.5406838747960243,0.25218895073463166,VdWContact,0.494770805518469,DIII,Lys1462
Z944,1498,LEU,0.20683133066310636,0.09617818600711028,VdWContact,0.165183207239282,DIII,Leu1498
Z944,1499,LEU,0.21042871977451416,0.34385358155007417,VdWContact,0.20731345497700637,DIII,Leu1499
Z944,1502,ALA,0.15272214804925086,0.09146700346463921,VdWContact,0.15272214804925086,DIII,Ala1502
Z944,1505,VAL,0.007936507936507936,0.013746434980705375,VdWContact,0.007936507936507936,DIII,Val1505
Z944,1506,LEU,0.015873015873015872,0.02749286996141075,VdWContact,0.015873015873015872,DIII,Leu1506
Z944,1509,PHE,0.031746031746031744,0.02995966045742361,VdWContact,0.031746031746031744,DIII,Phe1509
Z944,1777,THR,0.007936507936507936,0.013746434980705375,VdWContact,0.007936507936507936,DIV,Thr1777
Z944,1816,GLN,0.059523809523809514,0.09297916280841255,VdWContact,0.059523809523809514,DIV,Gln1816
Z944,1819,LEU,0.12327547841566533,0.10109707973762828,VdWContact,0.12327547841566533,DIV,Leu1819
Z944,1820,VAL,0.06746031746031746,0.08775136661704755,VdWContact,0.06746031746031746,DIV,Val1820
Z944,1823,VAL,0.26806111852840825,0.037272139524236796,VdWContact,0.26806111852840825,DIV,Val1823
mZ944,351,ILE,0.007936507936507936,0.013746434980705375,VdWContact,0.007936507936507936,DI,Ile351
mZ944,352,THR,0.01984126984126984,0.034366087451763436,VdWContact,0.01984126984126984,DI,Thr352
mZ944,353,LEU,0.027777777777777776,0.02478173808888253,VdWContact,0.027777777777777776,DI,Leu353
mZ944,383,SER,0.041944815309301296,0.05723139319486199,VdWContact,0.041944815309301296,DI,Ser383
mZ944,384,PHE,0.0844088414181872,0.10563406287706659,VdWContact,0.0844088414181872,DI,Phe384
mZ944,387,ILE,0.22522622756267616,0.18341634703466786,VdWContact,0.22522622756267616,DI,Ile387
mZ944,388,ASN,0.4108811748998665,0.17261928964315612,VdWContact,0.4108811748998665,DI,Asn388
mZ944,391,LEU,0.18361519062453643,0.035334352379068304,VdWContact,0.18361519062453643,DI,Leu391
mZ944,872,LEU,0.0807743658210948,0.10562285163892361,Hydrophobic,0.05158730158730159,DII,Leu872
mZ944,876,ILE,0.011904761904761904,0.020619652471058063,VdWContact,0.011904761904761904,DII,Ile876
mZ944,917,PHE,0.7304554220442071,0.21018929599297909,Hydrophobic,0.7304554220442071,DII,Phe917
mZ944,920,LEU,0.7290461355881916,0.3222402976420703,VdWContact,0.5482124313900015,DII,Leu920
mZ944,921,THR,0.8801364782673193,0.09524857939179443,VdWContact,0.8563269544577956,DII,Thr921
mZ944,922,GLN,0.5006675567423231,0.1271237527598144,VdWContact,0.42360183948968994,DII,Gln922
mZ944,951,GLY,0.046766058448301444,0.07305709165288127,VdWContact,0.046766058448301444,DII,Gly951
mZ944,952,ASN,0.6956682984720368,0.1551980229675478,VdWContact,0.5200267022696929,DII,Asn952
mZ944,953,TYR,0.011051772734015725,0.011996088011735368,VdWContact,0.011051772734015725,DII,Tyr953
mZ944,956,PHE,0.9206349206349206,0.10802109197473175,Hydrophobic,0.876984126984127,DII,Phe956
mZ944,957,ASN,0.009345794392523364,0.01618739072494278,VdWContact,0.009345794392523364,Other,Asn957
mZ944,1462,LYS,0.6319537160658656,0.19360836725130715,VdWContact,0.5741358848835484,DIII,Lys1462
mZ944,1498,LEU,0.2782599020916778,0.19725322778739135,Hydrophobic,0.2071651090342679,DIII,Leu1498
mZ944,1499,LEU,0.2501112594570538,0.31154136034776114,VdWContact,0.24302774069129207,DIII,Leu1499
mZ944,1502,ALA,0.11700786233496514,0.087067640008754,VdWContact,0.11700786233496514,DIII,Ala1502
mZ944,1505,VAL,0.003968253968253968,0.006873217490352687,VdWContact,0.003968253968253968,DIII,Val1505
mZ944,1506,LEU,0.003968253968253968,0.006873217490352687,VdWContact,0.003968253968253968,DIII,Leu1506
mZ944,1509,PHE,0.04365079365079364,0.041808149812907695,VdWContact,0.04365079365079364,DIII,Phe1509
mZ944,1816,GLN,0.03571428571428571,0.03571428571428571,VdWContact,0.03571428571428571,DIV,Gln1816
mZ944,1819,LEU,0.15898976412995106,0.06725972366022702,VdWContact,0.15898976412995106,DIV,Leu1819
mZ944,1820,VAL,0.15873015873015875,0.14202801720772446,VdWContact,0.15873015873015875,DIV,Val1820
mZ944,1823,VAL,0.22044207090936063,0.07043745925677808,VdWContact,0.22044207090936063,DIV,Val1823
